[2025-11-22 21:46:33Z INFO HostContext] No proxy settings were found based on environmental variables (http_proxy/https_proxy/HTTP_PROXY/HTTPS_PROXY)
[2025-11-22 21:46:33Z INFO HostContext] Well known directory 'Bin': 'C:\Users\matte\Repo\risk_analysis_app\actions-runner\bin'
[2025-11-22 21:46:33Z INFO HostContext] Well known directory 'Root': 'C:\Users\matte\Repo\risk_analysis_app\actions-runner'
[2025-11-22 21:46:33Z INFO HostContext] Well known config file 'Credentials': 'C:\Users\matte\Repo\risk_analysis_app\actions-runner\.credentials'
[2025-11-22 21:46:33Z INFO HostContext] Well known directory 'Bin': 'C:\Users\matte\Repo\risk_analysis_app\actions-runner\bin'
[2025-11-22 21:46:33Z INFO HostContext] Well known directory 'Root': 'C:\Users\matte\Repo\risk_analysis_app\actions-runner'
[2025-11-22 21:46:33Z INFO HostContext] Well known config file 'Runner': 'C:\Users\matte\Repo\risk_analysis_app\actions-runner\.runner'
[2025-11-22 21:46:33Z INFO Worker] Version: 2.329.0
[2025-11-22 21:46:33Z INFO Worker] Commit: c76c59996c8fa32e989164a5a695efb12608ae5a
[2025-11-22 21:46:33Z INFO Worker] Culture: en-US
[2025-11-22 21:46:33Z INFO Worker] UI Culture: en-US
[2025-11-22 21:46:33Z INFO Worker] Waiting to receive the job message from the channel.
[2025-11-22 21:46:33Z INFO ProcessChannel] Receiving message of length 25638, with hash '8fb2f38dcc763d669660b378282deff0ef9c64387fb219a270ab62adb9c9c799'
[2025-11-22 21:46:33Z INFO Worker] Message received.
[2025-11-22 21:46:33Z INFO Worker] Job message:
 {
  "fileTable": [
    ".github/workflows/deploy-selfhosted.yml"
  ],
  "mask": [
    {
      "type": "regex",
      "value": "***"
    },
    {
      "type": "regex",
      "value": "***"
    },
    {
      "type": "regex",
      "value": "***"
    },
    {
      "type": "regex",
      "value": "***"
    },
    {
      "type": "regex",
      "value": "***"
    },
    {
      "type": "regex",
      "value": "***"
    },
    {
      "type": "regex",
      "value": "***"
    },
    {
      "type": "regex",
      "value": "***"
    },
    {
      "type": "regex",
      "value": "***"
    },
    {
      "type": "regex",
      "value": "***"
    },
    {
      "type": "regex",
      "value": "***"
    },
    {
      "type": "regex",
      "value": "***"
    },
    {
      "type": "regex",
      "value": "***"
    },
    {
      "type": "regex",
      "value": "***"
    },
    {
      "type": "regex",
      "value": "***"
    },
    {
      "type": "regex",
      "value": "***"
    },
    {
      "type": "regex",
      "value": "***"
    },
    {
      "type": "regex",
      "value": "***"
    }
  ],
  "steps": [
    {
      "type": "action",
      "reference": {
        "type": "repository",
        "name": "actions/checkout",
        "ref": "v4",
        "repositoryType": "GitHub"
      },
      "displayNameToken": {
        "type": 0,
        "file": 1,
        "line": 12,
        "col": 15,
        "lit": "Checkout repository"
      },
      "contextName": "__actions_checkout",
      "condition": "success()",
      "id": "133d5eb0-b686-47b4-8816-f83385ea890f",
      "name": "__actions_checkout"
    },
    {
      "type": "action",
      "reference": {
        "type": "script"
      },
      "displayNameToken": {
        "type": 0,
        "file": 1,
        "line": 15,
        "col": 15,
        "lit": "Print context"
      },
      "contextName": "__run",
      "inputs": {
        "type": 2,
        "map": [
          {
            "key": "script",
            "value": {
              "type": 0,
              "file": 1,
              "line": 17,
              "col": 14,
              "lit": "Write-Host \"Actor: $env:RUNNER_NAME on $env:RUNNER_OS\"\n"
            }
          },
          {
            "key": "shell",
            "value": {
              "type": 0,
              "file": 1,
              "line": 16,
              "col": 16,
              "lit": "powershell"
            }
          }
        ]
      },
      "condition": "success()",
      "id": "5098bc96-7080-437e-aee2-939093d9b62c",
      "name": "__run"
    },
    {
      "type": "action",
      "reference": {
        "type": "script"
      },
      "displayNameToken": {
        "type": 0,
        "file": 1,
        "line": 20,
        "col": 15,
        "lit": "Ensure runtime-data clone exists (self-healing)"
      },
      "contextName": "__run_2",
      "environment": {
        "type": 2,
        "file": 1,
        "line": 23,
        "col": 11,
        "map": [
          {
            "key": {
              "type": 0,
              "file": 1,
              "line": 23,
              "col": 11,
              "lit": "TARGET"
            },
            "value": {
              "type": 0,
              "file": 1,
              "line": 23,
              "col": 19,
              "lit": "C:\\Users\\matte\\researchspace-docker-desktop-main\\researchspace-docker-desktop-main\\researchspace\\runtime-data"
            }
          },
          {
            "key": {
              "type": 0,
              "file": 1,
              "line": 24,
              "col": 11,
              "lit": "REPO"
            },
            "value": {
              "type": 3,
              "file": 1,
              "line": 24,
              "col": 17,
              "expr": "github.repository"
            }
          },
          {
            "key": {
              "type": 0,
              "file": 1,
              "line": 25,
              "col": 11,
              "lit": "TOKEN"
            },
            "value": {
              "type": 3,
              "file": 1,
              "line": 25,
              "col": 18,
              "expr": "github.token"
            }
          }
        ]
      },
      "inputs": {
        "type": 2,
        "map": [
          {
            "key": "script",
            "value": {
              "type": 0,
              "file": 1,
              "line": 26,
              "col": 14,
              "lit": "if (-not (Test-Path $env:TARGET)) {\n  New-Item -ItemType Directory -Force -Path $env:TARGET | Out-Null\n}\nif (-not (Test-Path (Join-Path $env:TARGET '.git'))) {\n  Write-Host \"Cloning $env:REPO into $env:TARGET\"\n  Remove-Item -Path (Join-Path $env:TARGET '*') -Recurse -Force -ErrorAction SilentlyContinue\n  git clone \"***github.com/$($env:REPO).git\" $env:TARGET\n}\n"
            }
          },
          {
            "key": "shell",
            "value": {
              "type": 0,
              "file": 1,
              "line": 21,
              "col": 16,
              "lit": "powershell"
            }
          }
        ]
      },
      "condition": "success()",
      "id": "407c81a4-ce45-422b-ac98-e9cfb62f20d8",
      "name": "__run_2"
    },
    {
      "type": "action",
      "reference": {
        "type": "script"
      },
      "displayNameToken": {
        "type": 0,
        "file": 1,
        "line": 36,
        "col": 15,
        "lit": "Update runtime-data from origin/main"
      },
      "contextName": "__run_3",
      "inputs": {
        "type": 2,
        "map": [
          {
            "key": "script",
            "value": {
              "type": 3,
              "file": 1,
              "line": 38,
              "col": 14,
              "expr": "format('$target = ''C:\\\\Users\\\\matte\\\\researchspace-docker-desktop-main\\\\researchspace-docker-desktop-main\\\\researchspace\\\\runtime-data''\n$repo = ''{0}''\n$token = ''{1}''\ngit -C $target remote set-url origin \"***github.com/$repo.git\"\ngit -C $target fetch origin\ngit -C $target reset --hard origin/main\n', github.repository, github.token)"
            }
          },
          {
            "key": "shell",
            "value": {
              "type": 0,
              "file": 1,
              "line": 37,
              "col": 16,
              "lit": "powershell"
            }
          }
        ]
      },
      "condition": "success()",
      "id": "9719e88a-ec2d-4f57-a6c3-e8ad4b731b47",
      "name": "__run_3"
    },
    {
      "type": "action",
      "reference": {
        "type": "script"
      },
      "displayNameToken": {
        "type": 0,
        "file": 1,
        "line": 46,
        "col": 15,
        "lit": "Sync repo config/data/ldp into runtime-data"
      },
      "contextName": "__run_4",
      "inputs": {
        "type": 2,
        "map": [
          {
            "key": "script",
            "value": {
              "type": 0,
              "file": 1,
              "line": 48,
              "col": 14,
              "lit": "$target = 'C:\\\\Users\\\\matte\\\\researchspace-docker-desktop-main\\\\researchspace-docker-desktop-main\\\\researchspace\\\\runtime-data'\n$src = \"$env:GITHUB_WORKSPACE\"\nWrite-Host \"Syncing from $src to $target\"\n# Ensure target subfolders exist\nNew-Item -ItemType Directory -Force -Path \"$target\\config\" | Out-Null\nNew-Item -ItemType Directory -Force -Path \"$target\\data\" | Out-Null\nNew-Item -ItemType Directory -Force -Path \"$target\\data\\templates\" | Out-Null\nNew-Item -ItemType Directory -Force -Path \"$target\\ldp\" | Out-Null\n\n# Copy config (non-destructive overwrite)\nif (Test-Path \"$src\\config\") { Copy-Item \"$src\\config\\*\" \"$target\\config\" -Recurse -Force }\n\n# Copy data (templates and others)\nif (Test-Path \"$src\\data\") { Copy-Item \"$src\\data\\*\" \"$target\\data\" -Recurse -Force }\n\n# Copy LDP configs\nif (Test-Path \"$src\\ldp\") { Copy-Item \"$src\\ldp\\*\" \"$target\\ldp\" -Recurse -Force }\n\n# Show that the specific template exists after sync\n$tpl = \"$target\\data\\templates\\http%3A%2F%2Fwww.researchspace.org%2Fresource%2FResourceContent.html\"\nif (Test-Path $tpl) { Write-Host \"Template synced: $tpl\" } else { Write-Error \"Template missing after sync: $tpl\"; exit 1 }\n"
            }
          },
          {
            "key": "shell",
            "value": {
              "type": 0,
              "file": 1,
              "line": 47,
              "col": 16,
              "lit": "powershell"
            }
          }
        ]
      },
      "condition": "success()",
      "id": "5014c8ad-f123-4b60-8e5a-38a1a173c165",
      "name": "__run_4"
    },
    {
      "type": "action",
      "reference": {
        "type": "script"
      },
      "displayNameToken": {
        "type": 0,
        "file": 1,
        "line": 73,
        "col": 15,
        "lit": "Restart ResearchSpace service"
      },
      "contextName": "__run_5",
      "inputs": {
        "type": 2,
        "map": [
          {
            "key": "script",
            "value": {
              "type": 0,
              "file": 1,
              "line": 75,
              "col": 14,
              "lit": "$root = 'C:\\\\Users\\\\matte\\\\researchspace-docker-desktop-main\\\\researchspace-docker-desktop-main'\nSet-Location $root\n# Pull latest image(s); we intentionally do not build locally to always use the existing image\ndocker compose pull researchspace\ndocker compose ps researchspace\n# Recreate container to ensure new image is used\ndocker compose up -d --no-deps --force-recreate researchspace\n"
            }
          },
          {
            "key": "shell",
            "value": {
              "type": 0,
              "file": 1,
              "line": 74,
              "col": 16,
              "lit": "powershell"
            }
          }
        ]
      },
      "condition": "success()",
      "id": "d9785fa0-da78-47d0-98bf-3da094550ae2",
      "name": "__run_5"
    },
    {
      "type": "action",
      "reference": {
        "type": "script"
      },
      "displayNameToken": {
        "type": 0,
        "file": 1,
        "line": 84,
        "col": 15,
        "lit": "Show service status"
      },
      "contextName": "__run_6",
      "inputs": {
        "type": 2,
        "map": [
          {
            "key": "script",
            "value": {
              "type": 0,
              "file": 1,
              "line": 86,
              "col": 14,
              "lit": "$root = 'C:\\\\Users\\\\matte\\\\researchspace-docker-desktop-main\\\\researchspace-docker-desktop-main'\nSet-Location $root\ndocker compose ps researchspace\n# Print the running image reference and digest for verification\n$cid = docker compose ps -q researchspace\nif ($cid) {\n  $imgName = docker inspect -f \"{{.Config.Image}}\" $cid\n  Write-Host \"Running image: $imgName\"\n  try {\n    $repoDigests = docker image inspect $imgName --format \"{{json .RepoDigests}}\"\n    Write-Host \"RepoDigests: $repoDigests\"\n  } catch {\n    Write-Host \"Could not retrieve image digests for $imgName\"\n  }\n} else {\n  Write-Host \"No container ID found for 'researchspace'\"\n}\n"
            }
          },
          {
            "key": "shell",
            "value": {
              "type": 0,
              "file": 1,
              "line": 85,
              "col": 16,
              "lit": "powershell"
            }
          }
        ]
      },
      "condition": "success()",
      "id": "11fcfb19-1b12-4892-930b-a5a64437856d",
      "name": "__run_6"
    }
  ],
  "variables": {
    "Actions.EnableHttpRedirects": {
      "value": "true"
    },
    "DistributedTask.AddWarningToNode12Action": {
      "value": "true"
    },
    "DistributedTask.AddWarningToNode16Action": {
      "value": "true"
    },
    "DistributedTask.AllowRunnerContainerHooks": {
      "value": "true"
    },
    "DistributedTask.DeprecateStepOutputCommands": {
      "value": "true"
    },
    "DistributedTask.DetailUntarFailure": {
      "value": "true"
    },
    "DistributedTask.EnableCompositeActions": {
      "value": "true"
    },
    "DistributedTask.EnableJobServerQueueTelemetry": {
      "value": "true"
    },
    "DistributedTask.EnhancedAnnotations": {
      "value": "true"
    },
    "DistributedTask.ForceGithubJavascriptActionsToNode16": {
      "value": "true"
    },
    "DistributedTask.ForceGithubJavascriptActionsToNode20": {
      "value": "true"
    },
    "DistributedTask.LogTemplateErrorsAsDebugMessages": {
      "value": "true"
    },
    "DistributedTask.MarkJobAsFailedOnWorkerCrash": {
      "value": "true"
    },
    "DistributedTask.NewActionMetadata": {
      "value": "true"
    },
    "DistributedTask.UploadStepSummary": {
      "value": "true"
    },
    "DistributedTask.UseActionArchiveCache": {
      "value": "true"
    },
    "DistributedTask.UseWhich2": {
      "value": "true"
    },
    "RunService.FixEmbeddedIssues": {
      "value": "true"
    },
    "actions_add_check_run_id_to_job_context": {
      "value": "true"
    },
    "actions_container_action_runner_temp": {
      "value": "false"
    },
    "actions_display_helpful_actions_download_errors": {
      "value": "true"
    },
    "actions_skip_retry_complete_job_upon_known_errors": {
      "value": "true"
    },
    "actions_uses_cache_service_v2": {
      "value": "true"
    },
    "github_token": {
      "value": "***",
      "isSecret": true
    },
    "system.from_run_service": {
      "value": "true"
    },
    "system.github.job": {
      "value": "deploy"
    },
    "system.github.launch_endpoint": {
      "value": "https://launch.actions.githubusercontent.com"
    },
    "system.github.results_endpoint": {
      "value": "https://results-receiver.actions.githubusercontent.com/"
    },
    "system.github.results_upload_with_sdk": {
      "value": "true"
    },
    "system.github.token": {
      "value": "***",
      "isSecret": true
    },
    "system.github.token.permissions": {
      "value": "{\"Contents\":\"read\",\"Metadata\":\"read\",\"Packages\":\"read\"}"
    },
    "system.orchestrationId": {
      "value": "d041d6ab-482f-44e0-98c5-5e32071cddc9.deploy.__default"
    },
    "system.phaseDisplayName": {
      "value": "deploy"
    },
    "system.runner.lowdiskspacethreshold": {
      "value": "100"
    },
    "system.runnerEnvironment": {
      "value": "self-hosted"
    },
    "system.runnerGroupName": {
      "value": "Default"
    }
  },
  "messageType": "RunnerJobRequest",
  "plan": {
    "scopeIdentifier": "00000000-0000-0000-0000-000000000000",
    "planType": "actions",
    "version": 0,
    "planId": "d041d6ab-482f-44e0-98c5-5e32071cddc9",
    "planGroup": null,
    "artifactUri": null,
    "artifactLocation": null,
    "definition": null,
    "owner": null
  },
  "timeline": {
    "id": "d041d6ab-482f-44e0-98c5-5e32071cddc9",
    "changeId": 0,
    "location": null
  },
  "jobId": "9b681cb8-af63-596f-8fec-7a25ed429936",
  "jobDisplayName": "deploy",
  "jobName": "__default",
  "requestId": 0,
  "lockedUntil": "0001-01-01T00:00:00",
  "resources": {
    "endpoints": [
      {
        "data": {
          "ServerId": "",
          "ServerName": "",
          "CacheServerUrl": "https://artifactcache.actions.githubusercontent.com/xw06FIHW2K1AmaSoDM2l920ewH7mdDie8RThTu0prGEhQH3hhp/",
          "FeedStreamUrl": "wss://results-receiver.actions.githubusercontent.com/_ws/ingest.sock",
          "ResultsServiceUrl": "https://results-receiver.actions.githubusercontent.com/",
          "PipelinesServiceUrl": "https://pipelinesghubeus9.actions.githubusercontent.com/xw06FIHW2K1AmaSoDM2l920ewH7mdDie8RThTu0prGEhQH3hhp/",
          "GenerateIdTokenUrl": ""
        },
        "name": "SystemVssConnection",
        "url": "https://run-actions-3-azure-eastus.actions.githubusercontent.com/36/",
        "authorization": {
          "parameters": {
            "AccessToken": "***"
          },
          "scheme": "OAuth"
        },
        "isShared": false,
        "isReady": true
      }
    ]
  },
  "contextData": {
    "github": {
      "t": 2,
      "d": [
        {
          "k": "ref",
          "v": "refs/heads/main"
        },
        {
          "k": "sha",
          "v": "1b77690589dc08cc72a8c5f337234261adf1feba"
        },
        {
          "k": "repository",
          "v": "matteoLorenzini/risk_analysis_app"
        },
        {
          "k": "repository_owner",
          "v": "matteoLorenzini"
        },
        {
          "k": "repository_owner_id",
          "v": "6868238"
        },
        {
          "k": "repositoryUrl",
          "v": "git://github.com/matteoLorenzini/risk_analysis_app.git"
        },
        {
          "k": "run_id",
          "v": "19601647562"
        },
        {
          "k": "run_number",
          "v": "99"
        },
        {
          "k": "retention_days",
          "v": "90"
        },
        {
          "k": "run_attempt",
          "v": "1"
        },
        {
          "k": "artifact_cache_size_limit",
          "v": "10"
        },
        {
          "k": "repository_visibility",
          "v": "public"
        },
        {
          "k": "actor_id",
          "v": "6868238"
        },
        {
          "k": "actor",
          "v": "matteoLorenzini"
        },
        {
          "k": "workflow",
          "v": "Deploy to Local ResearchSpace (self-hosted)"
        },
        {
          "k": "head_ref",
          "v": ""
        },
        {
          "k": "base_ref",
          "v": ""
        },
        {
          "k": "event_name",
          "v": "push"
        },
        {
          "k": "server_url",
          "v": "https://github.com"
        },
        {
          "k": "api_url",
          "v": "https://api.github.com"
        },
        {
          "k": "graphql_url",
          "v": "https://api.github.com/graphql"
        },
        {
          "k": "ref_name",
          "v": "main"
        },
        {
          "k": "ref_protected",
          "v": false
        },
        {
          "k": "ref_type",
          "v": "branch"
        },
        {
          "k": "secret_source",
          "v": "Actions"
        },
        {
          "k": "event",
          "v": {
            "t": 2,
            "d": [
              {
                "k": "after",
                "v": "1b77690589dc08cc72a8c5f337234261adf1feba"
              },
              {
                "k": "base_ref",
                "v": null
              },
              {
                "k": "before",
                "v": "58be247052ec54205a32033751e2c0732f469379"
              },
              {
                "k": "commits",
                "v": {
                  "t": 1,
                  "a": [
                    {
                      "t": 2,
                      "d": [
                        {
                          "k": "author",
                          "v": {
                            "t": 2,
                            "d": [
                              {
                                "k": "email",
                                "v": "matteo-lorenzini@outlook.it"
                              },
                              {
                                "k": "name",
                                "v": "matteoLorenzini"
                              },
                              {
                                "k": "username",
                                "v": "matteoLorenzini"
                              }
                            ]
                          }
                        },
                        {
                          "k": "committer",
                          "v": {
                            "t": 2,
                            "d": [
                              {
                                "k": "email",
                                "v": "matteo-lorenzini@outlook.it"
                              },
                              {
                                "k": "name",
                                "v": "matteoLorenzini"
                              },
                              {
                                "k": "username",
                                "v": "matteoLorenzini"
                              }
                            ]
                          }
                        },
                        {
                          "k": "distinct",
                          "v": true
                        },
                        {
                          "k": "id",
                          "v": "1b77690589dc08cc72a8c5f337234261adf1feba"
                        },
                        {
                          "k": "message",
                          "v": "Implement code changes to enhance functionality and improve performance"
                        },
                        {
                          "k": "timestamp",
                          "v": "2025-11-22T22:44:55+01:00"
                        },
                        {
                          "k": "tree_id",
                          "v": "75c7f96df05d6c00878051e37abd28c0712d2afa"
                        },
                        {
                          "k": "url",
                          "v": "https://github.com/matteoLorenzini/risk_analysis_app/commit/1b77690589dc08cc72a8c5f337234261adf1feba"
                        }
                      ]
                    }
                  ]
                }
              },
              {
                "k": "compare",
                "v": "https://github.com/matteoLorenzini/risk_analysis_app/compare/58be247052ec...1b77690589dc"
              },
              {
                "k": "created",
                "v": false
              },
              {
                "k": "deleted",
                "v": false
              },
              {
                "k": "forced",
                "v": false
              },
              {
                "k": "head_commit",
                "v": {
                  "t": 2,
                  "d": [
                    {
                      "k": "author",
                      "v": {
                        "t": 2,
                        "d": [
                          {
                            "k": "email",
                            "v": "matteo-lorenzini@outlook.it"
                          },
                          {
                            "k": "name",
                            "v": "matteoLorenzini"
                          },
                          {
                            "k": "username",
                            "v": "matteoLorenzini"
                          }
                        ]
                      }
                    },
                    {
                      "k": "committer",
                      "v": {
                        "t": 2,
                        "d": [
                          {
                            "k": "email",
                            "v": "matteo-lorenzini@outlook.it"
                          },
                          {
                            "k": "name",
                            "v": "matteoLorenzini"
                          },
                          {
                            "k": "username",
                            "v": "matteoLorenzini"
                          }
                        ]
                      }
                    },
                    {
                      "k": "distinct",
                      "v": true
                    },
                    {
                      "k": "id",
                      "v": "1b77690589dc08cc72a8c5f337234261adf1feba"
                    },
                    {
                      "k": "message",
                      "v": "Implement code changes to enhance functionality and improve performance"
                    },
                    {
                      "k": "timestamp",
                      "v": "2025-11-22T22:44:55+01:00"
                    },
                    {
                      "k": "tree_id",
                      "v": "75c7f96df05d6c00878051e37abd28c0712d2afa"
                    },
                    {
                      "k": "url",
                      "v": "https://github.com/matteoLorenzini/risk_analysis_app/commit/1b77690589dc08cc72a8c5f337234261adf1feba"
                    }
                  ]
                }
              },
              {
                "k": "pusher",
                "v": {
                  "t": 2,
                  "d": [
                    {
                      "k": "email",
                      "v": "matteo-lorenzini@outlook.it"
                    },
                    {
                      "k": "name",
                      "v": "matteoLorenzini"
                    }
                  ]
                }
              },
              {
                "k": "ref",
                "v": "refs/heads/main"
              },
              {
                "k": "repository",
                "v": {
                  "t": 2,
                  "d": [
                    {
                      "k": "allow_forking",
                      "v": true
                    },
                    {
                      "k": "archive_url",
                      "v": "https://api.github.com/repos/matteoLorenzini/risk_analysis_app/{archive_format}{/ref}"
                    },
                    {
                      "k": "archived",
                      "v": false
                    },
                    {
                      "k": "assignees_url",
                      "v": "https://api.github.com/repos/matteoLorenzini/risk_analysis_app/assignees{/user}"
                    },
                    {
                      "k": "blobs_url",
                      "v": "https://api.github.com/repos/matteoLorenzini/risk_analysis_app/git/blobs{/sha}"
                    },
                    {
                      "k": "branches_url",
                      "v": "https://api.github.com/repos/matteoLorenzini/risk_analysis_app/branches{/branch}"
                    },
                    {
                      "k": "clone_url",
                      "v": "https://github.com/matteoLorenzini/risk_analysis_app.git"
                    },
                    {
                      "k": "collaborators_url",
                      "v": "https://api.github.com/repos/matteoLorenzini/risk_analysis_app/collaborators{/collaborator}"
                    },
                    {
                      "k": "comments_url",
                      "v": "https://api.github.com/repos/matteoLorenzini/risk_analysis_app/comments{/number}"
                    },
                    {
                      "k": "commits_url",
                      "v": "https://api.github.com/repos/matteoLorenzini/risk_analysis_app/commits{/sha}"
                    },
                    {
                      "k": "compare_url",
                      "v": "https://api.github.com/repos/matteoLorenzini/risk_analysis_app/compare/{base}...{head}"
                    },
                    {
                      "k": "contents_url",
                      "v": "https://api.github.com/repos/matteoLorenzini/risk_analysis_app/contents/{+path}"
                    },
                    {
                      "k": "contributors_url",
                      "v": "https://api.github.com/repos/matteoLorenzini/risk_analysis_app/contributors"
                    },
                    {
                      "k": "created_at",
                      "v": 1762008130.0
                    },
                    {
                      "k": "default_branch",
                      "v": "main"
                    },
                    {
                      "k": "deployments_url",
                      "v": "https://api.github.com/repos/matteoLorenzini/risk_analysis_app/deployments"
                    },
                    {
                      "k": "description",
                      "v": null
                    },
                    {
                      "k": "disabled",
                      "v": false
                    },
                    {
                      "k": "downloads_url",
                      "v": "https://api.github.com/repos/matteoLorenzini/risk_analysis_app/downloads"
                    },
                    {
                      "k": "events_url",
                      "v": "https://api.github.com/repos/matteoLorenzini/risk_analysis_app/events"
                    },
                    {
                      "k": "fork",
                      "v": false
                    },
                    {
                      "k": "forks",
                      "v": 0.0
                    },
                    {
                      "k": "forks_count",
                      "v": 0.0
                    },
                    {
                      "k": "forks_url",
                      "v": "https://api.github.com/repos/matteoLorenzini/risk_analysis_app/forks"
                    },
                    {
                      "k": "full_name",
                      "v": "matteoLorenzini/risk_analysis_app"
                    },
                    {
                      "k": "git_commits_url",
                      "v": "https://api.github.com/repos/matteoLorenzini/risk_analysis_app/git/commits{/sha}"
                    },
                    {
                      "k": "git_refs_url",
                      "v": "https://api.github.com/repos/matteoLorenzini/risk_analysis_app/git/refs{/sha}"
                    },
                    {
                      "k": "git_tags_url",
                      "v": "https://api.github.com/repos/matteoLorenzini/risk_analysis_app/git/tags{/sha}"
                    },
                    {
                      "k": "git_url",
                      "v": "git://github.com/matteoLorenzini/risk_analysis_app.git"
                    },
                    {
                      "k": "has_discussions",
                      "v": false
                    },
                    {
                      "k": "has_downloads",
                      "v": true
                    },
                    {
                      "k": "has_issues",
                      "v": true
                    },
                    {
                      "k": "has_pages",
                      "v": false
                    },
                    {
                      "k": "has_projects",
                      "v": true
                    },
                    {
                      "k": "has_wiki",
                      "v": true
                    },
                    {
                      "k": "homepage",
                      "v": null
                    },
                    {
                      "k": "hooks_url",
                      "v": "https://api.github.com/repos/matteoLorenzini/risk_analysis_app/hooks"
                    },
                    {
                      "k": "html_url",
                      "v": "https://github.com/matteoLorenzini/risk_analysis_app"
                    },
                    {
                      "k": "id",
                      "v": 1087737796.0
                    },
                    {
                      "k": "is_template",
                      "v": false
                    },
                    {
                      "k": "issue_comment_url",
                      "v": "https://api.github.com/repos/matteoLorenzini/risk_analysis_app/issues/comments{/number}"
                    },
                    {
                      "k": "issue_events_url",
                      "v": "https://api.github.com/repos/matteoLorenzini/risk_analysis_app/issues/events{/number}"
                    },
                    {
                      "k": "issues_url",
                      "v": "https://api.github.com/repos/matteoLorenzini/risk_analysis_app/issues{/number}"
                    },
                    {
                      "k": "keys_url",
                      "v": "https://api.github.com/repos/matteoLorenzini/risk_analysis_app/keys{/key_id}"
                    },
                    {
                      "k": "labels_url",
                      "v": "https://api.github.com/repos/matteoLorenzini/risk_analysis_app/labels{/name}"
                    },
                    {
                      "k": "language",
                      "v": "JavaScript"
                    },
                    {
                      "k": "languages_url",
                      "v": "https://api.github.com/repos/matteoLorenzini/risk_analysis_app/languages"
                    },
                    {
                      "k": "license",
                      "v": null
                    },
                    {
                      "k": "master_branch",
                      "v": "main"
                    },
                    {
                      "k": "merges_url",
                      "v": "https://api.github.com/repos/matteoLorenzini/risk_analysis_app/merges"
                    },
                    {
                      "k": "milestones_url",
                      "v": "https://api.github.com/repos/matteoLorenzini/risk_analysis_app/milestones{/number}"
                    },
                    {
                      "k": "mirror_url",
                      "v": null
                    },
                    {
                      "k": "name",
                      "v": "risk_analysis_app"
                    },
                    {
                      "k": "node_id",
                      "v": "R_kgDOQNWPxA"
                    },
                    {
                      "k": "notifications_url",
                      "v": "https://api.github.com/repos/matteoLorenzini/risk_analysis_app/notifications{?since,all,participating}"
                    },
                    {
                      "k": "open_issues",
                      "v": 0.0
                    },
                    {
                      "k": "open_issues_count",
                      "v": 0.0
                    },
                    {
                      "k": "owner",
                      "v": {
                        "t": 2,
                        "d": [
                          {
                            "k": "avatar_url",
                            "v": "https://avatars.githubusercontent.com/u/6868238?v=4"
                          },
                          {
                            "k": "email",
                            "v": "matteo-lorenzini@outlook.it"
                          },
                          {
                            "k": "events_url",
                            "v": "https://api.github.com/users/matteoLorenzini/events{/privacy}"
                          },
                          {
                            "k": "followers_url",
                            "v": "https://api.github.com/users/matteoLorenzini/followers"
                          },
                          {
                            "k": "following_url",
                            "v": "https://api.github.com/users/matteoLorenzini/following{/other_user}"
                          },
                          {
                            "k": "gists_url",
                            "v": "https://api.github.com/users/matteoLorenzini/gists{/gist_id}"
                          },
                          {
                            "k": "gravatar_id",
                            "v": ""
                          },
                          {
                            "k": "html_url",
                            "v": "https://github.com/matteoLorenzini"
                          },
                          {
                            "k": "id",
                            "v": 6868238.0
                          },
                          {
                            "k": "login",
                            "v": "matteoLorenzini"
                          },
                          {
                            "k": "name",
                            "v": "matteoLorenzini"
                          },
                          {
                            "k": "node_id",
                            "v": "MDQ6VXNlcjY4NjgyMzg="
                          },
                          {
                            "k": "organizations_url",
                            "v": "https://api.github.com/users/matteoLorenzini/orgs"
                          },
                          {
                            "k": "received_events_url",
                            "v": "https://api.github.com/users/matteoLorenzini/received_events"
                          },
                          {
                            "k": "repos_url",
                            "v": "https://api.github.com/users/matteoLorenzini/repos"
                          },
                          {
                            "k": "site_admin",
                            "v": false
                          },
                          {
                            "k": "starred_url",
                            "v": "https://api.github.com/users/matteoLorenzini/starred{/owner}{/repo}"
                          },
                          {
                            "k": "subscriptions_url",
                            "v": "https://api.github.com/users/matteoLorenzini/subscriptions"
                          },
                          {
                            "k": "type",
                            "v": "User"
                          },
                          {
                            "k": "url",
                            "v": "https://api.github.com/users/matteoLorenzini"
                          },
                          {
                            "k": "user_view_type",
                            "v": "public"
                          }
                        ]
                      }
                    },
                    {
                      "k": "private",
                      "v": false
                    },
                    {
                      "k": "pulls_url",
                      "v": "https://api.github.com/repos/matteoLorenzini/risk_analysis_app/pulls{/number}"
                    },
                    {
                      "k": "pushed_at",
                      "v": 1763847905.0
                    },
                    {
                      "k": "releases_url",
                      "v": "https://api.github.com/repos/matteoLorenzini/risk_analysis_app/releases{/id}"
                    },
                    {
                      "k": "size",
                      "v": 178461.0
                    },
                    {
                      "k": "ssh_url",
                      "v": "git@github.com:matteoLorenzini/risk_analysis_app.git"
                    },
                    {
                      "k": "stargazers",
                      "v": 0.0
                    },
                    {
                      "k": "stargazers_count",
                      "v": 0.0
                    },
                    {
                      "k": "stargazers_url",
                      "v": "https://api.github.com/repos/matteoLorenzini/risk_analysis_app/stargazers"
                    },
                    {
                      "k": "statuses_url",
                      "v": "https://api.github.com/repos/matteoLorenzini/risk_analysis_app/statuses/{sha}"
                    },
                    {
                      "k": "subscribers_url",
                      "v": "https://api.github.com/repos/matteoLorenzini/risk_analysis_app/subscribers"
                    },
                    {
                      "k": "subscription_url",
                      "v": "https://api.github.com/repos/matteoLorenzini/risk_analysis_app/subscription"
                    },
                    {
                      "k": "svn_url",
                      "v": "https://github.com/matteoLorenzini/risk_analysis_app"
                    },
                    {
                      "k": "tags_url",
                      "v": "https://api.github.com/repos/matteoLorenzini/risk_analysis_app/tags"
                    },
                    {
                      "k": "teams_url",
                      "v": "https://api.github.com/repos/matteoLorenzini/risk_analysis_app/teams"
                    },
                    {
                      "k": "topics",
                      "v": {
                        "t": 1
                      }
                    },
                    {
                      "k": "trees_url",
                      "v": "https://api.github.com/repos/matteoLorenzini/risk_analysis_app/git/trees{/sha}"
                    },
                    {
                      "k": "updated_at",
                      "v": "2025-11-22T21:29:52Z"
                    },
                    {
                      "k": "url",
                      "v": "https://api.github.com/repos/matteoLorenzini/risk_analysis_app"
                    },
                    {
                      "k": "visibility",
                      "v": "public"
                    },
                    {
                      "k": "watchers",
                      "v": 0.0
                    },
                    {
                      "k": "watchers_count",
                      "v": 0.0
                    },
                    {
                      "k": "web_commit_signoff_required",
                      "v": false
                    }
                  ]
                }
              },
              {
                "k": "sender",
                "v": {
                  "t": 2,
                  "d": [
                    {
                      "k": "avatar_url",
                      "v": "https://avatars.githubusercontent.com/u/6868238?v=4"
                    },
                    {
                      "k": "events_url",
                      "v": "https://api.github.com/users/matteoLorenzini/events{/privacy}"
                    },
                    {
                      "k": "followers_url",
                      "v": "https://api.github.com/users/matteoLorenzini/followers"
                    },
                    {
                      "k": "following_url",
                      "v": "https://api.github.com/users/matteoLorenzini/following{/other_user}"
                    },
                    {
                      "k": "gists_url",
                      "v": "https://api.github.com/users/matteoLorenzini/gists{/gist_id}"
                    },
                    {
                      "k": "gravatar_id",
                      "v": ""
                    },
                    {
                      "k": "html_url",
                      "v": "https://github.com/matteoLorenzini"
                    },
                    {
                      "k": "id",
                      "v": 6868238.0
                    },
                    {
                      "k": "login",
                      "v": "matteoLorenzini"
                    },
                    {
                      "k": "node_id",
                      "v": "MDQ6VXNlcjY4NjgyMzg="
                    },
                    {
                      "k": "organizations_url",
                      "v": "https://api.github.com/users/matteoLorenzini/orgs"
                    },
                    {
                      "k": "received_events_url",
                      "v": "https://api.github.com/users/matteoLorenzini/received_events"
                    },
                    {
                      "k": "repos_url",
                      "v": "https://api.github.com/users/matteoLorenzini/repos"
                    },
                    {
                      "k": "site_admin",
                      "v": false
                    },
                    {
                      "k": "starred_url",
                      "v": "https://api.github.com/users/matteoLorenzini/starred{/owner}{/repo}"
                    },
                    {
                      "k": "subscriptions_url",
                      "v": "https://api.github.com/users/matteoLorenzini/subscriptions"
                    },
                    {
                      "k": "type",
                      "v": "User"
                    },
                    {
                      "k": "url",
                      "v": "https://api.github.com/users/matteoLorenzini"
                    },
                    {
                      "k": "user_view_type",
                      "v": "public"
                    }
                  ]
                }
              }
            ]
          }
        },
        {
          "k": "workflow_ref",
          "v": "matteoLorenzini/risk_analysis_app/.github/workflows/deploy-selfhosted.yml@refs/heads/main"
        },
        {
          "k": "workflow_sha",
          "v": "1b77690589dc08cc72a8c5f337234261adf1feba"
        },
        {
          "k": "repository_id",
          "v": "1087737796"
        },
        {
          "k": "triggering_actor",
          "v": "matteoLorenzini"
        }
      ]
    },
    "inputs": {
      "t": 2
    },
    "job": {
      "t": 2,
      "d": [
        {
          "k": "check_run_id",
          "v": 56134012635.0
        }
      ]
    },
    "matrix": null,
    "needs": {
      "t": 2
    },
    "strategy": {
      "t": 2,
      "d": [
        {
          "k": "fail-fast",
          "v": true
        },
        {
          "k": "job-index",
          "v": 0.0
        },
        {
          "k": "job-total",
          "v": 1.0
        },
        {
          "k": "max-parallel",
          "v": 1.0
        }
      ]
    },
    "vars": {
      "t": 2
    }
  },
  "billingOwnerId": "U_kgDOAGjNDg"
}
[2025-11-22 21:46:33Z INFO JobRunner] Job ID 9b681cb8-af63-596f-8fec-7a25ed429936
[2025-11-22 21:46:33Z INFO ConfigurationStore] currentAssemblyLocation: C:\Users\matte\Repo\risk_analysis_app\actions-runner\bin\Runner.Worker.dll
[2025-11-22 21:46:33Z INFO HostContext] Well known directory 'Bin': 'C:\Users\matte\Repo\risk_analysis_app\actions-runner\bin'
[2025-11-22 21:46:33Z INFO ConfigurationStore] binPath: C:\Users\matte\Repo\risk_analysis_app\actions-runner\bin
[2025-11-22 21:46:33Z INFO HostContext] Well known directory 'Bin': 'C:\Users\matte\Repo\risk_analysis_app\actions-runner\bin'
[2025-11-22 21:46:33Z INFO HostContext] Well known directory 'Root': 'C:\Users\matte\Repo\risk_analysis_app\actions-runner'
[2025-11-22 21:46:33Z INFO ConfigurationStore] RootFolder: C:\Users\matte\Repo\risk_analysis_app\actions-runner
[2025-11-22 21:46:33Z INFO HostContext] Well known directory 'Bin': 'C:\Users\matte\Repo\risk_analysis_app\actions-runner\bin'
[2025-11-22 21:46:33Z INFO HostContext] Well known directory 'Root': 'C:\Users\matte\Repo\risk_analysis_app\actions-runner'
[2025-11-22 21:46:33Z INFO HostContext] Well known config file 'Runner': 'C:\Users\matte\Repo\risk_analysis_app\actions-runner\.runner'
[2025-11-22 21:46:33Z INFO ConfigurationStore] ConfigFilePath: C:\Users\matte\Repo\risk_analysis_app\actions-runner\.runner
[2025-11-22 21:46:33Z INFO HostContext] Well known directory 'Bin': 'C:\Users\matte\Repo\risk_analysis_app\actions-runner\bin'
[2025-11-22 21:46:33Z INFO HostContext] Well known directory 'Root': 'C:\Users\matte\Repo\risk_analysis_app\actions-runner'
[2025-11-22 21:46:33Z INFO HostContext] Well known config file 'MigratedRunner': 'C:\Users\matte\Repo\risk_analysis_app\actions-runner\.runner_migrated'
[2025-11-22 21:46:33Z INFO ConfigurationStore] MigratedConfigFilePath: C:\Users\matte\Repo\risk_analysis_app\actions-runner\.runner_migrated
[2025-11-22 21:46:33Z INFO HostContext] Well known directory 'Bin': 'C:\Users\matte\Repo\risk_analysis_app\actions-runner\bin'
[2025-11-22 21:46:33Z INFO HostContext] Well known directory 'Root': 'C:\Users\matte\Repo\risk_analysis_app\actions-runner'
[2025-11-22 21:46:33Z INFO HostContext] Well known config file 'Credentials': 'C:\Users\matte\Repo\risk_analysis_app\actions-runner\.credentials'
[2025-11-22 21:46:33Z INFO ConfigurationStore] CredFilePath: C:\Users\matte\Repo\risk_analysis_app\actions-runner\.credentials
[2025-11-22 21:46:33Z INFO HostContext] Well known directory 'Bin': 'C:\Users\matte\Repo\risk_analysis_app\actions-runner\bin'
[2025-11-22 21:46:33Z INFO HostContext] Well known directory 'Root': 'C:\Users\matte\Repo\risk_analysis_app\actions-runner'
[2025-11-22 21:46:33Z INFO HostContext] Well known config file 'MigratedCredentials': 'C:\Users\matte\Repo\risk_analysis_app\actions-runner\.credentials_migrated'
[2025-11-22 21:46:33Z INFO ConfigurationStore] MigratedCredFilePath: C:\Users\matte\Repo\risk_analysis_app\actions-runner\.credentials_migrated
[2025-11-22 21:46:33Z INFO HostContext] Well known directory 'Bin': 'C:\Users\matte\Repo\risk_analysis_app\actions-runner\bin'
[2025-11-22 21:46:33Z INFO HostContext] Well known directory 'Root': 'C:\Users\matte\Repo\risk_analysis_app\actions-runner'
[2025-11-22 21:46:33Z INFO HostContext] Well known config file 'Service': 'C:\Users\matte\Repo\risk_analysis_app\actions-runner\.service'
[2025-11-22 21:46:33Z INFO ConfigurationStore] ServiceConfigFilePath: C:\Users\matte\Repo\risk_analysis_app\actions-runner\.service
[2025-11-22 21:46:33Z INFO ConfigurationStore] Read setting file: 411 chars
[2025-11-22 21:46:33Z INFO JobRunner] Initializing launch client
[2025-11-22 21:46:33Z INFO JobServerQueue] Initializing results client
[2025-11-22 21:46:33Z INFO ResultServer] Creating websocket client ...wss://results-receiver.actions.githubusercontent.com/_ws/ingest.sock
[2025-11-22 21:46:33Z INFO ResultServer] Attempting to start websocket client with delay 00:00:00.
[2025-11-22 21:46:33Z INFO JobServerQueue] Start process web console line queue.
[2025-11-22 21:46:33Z INFO JobServerQueue] Start process file upload queue.
[2025-11-22 21:46:33Z INFO JobServerQueue] Start results file upload queue.
[2025-11-22 21:46:33Z INFO JobServerQueue] Starting results-based upload queue...
[2025-11-22 21:46:33Z INFO JobServerQueue] Start process timeline update queue.
[2025-11-22 21:46:33Z INFO ExecutionContext] Initializing Job context
[2025-11-22 21:46:33Z INFO ExecutionContext] Initialize GitHub context
[2025-11-22 21:46:33Z INFO ExecutionContext] Initialize Env context
[2025-11-22 21:46:33Z INFO HostContext] Well known directory 'Bin': 'C:\Users\matte\Repo\risk_analysis_app\actions-runner\bin'
[2025-11-22 21:46:33Z INFO HostContext] Well known directory 'Root': 'C:\Users\matte\Repo\risk_analysis_app\actions-runner'
[2025-11-22 21:46:33Z INFO HostContext] Well known directory 'Diag': 'C:\Users\matte\Repo\risk_analysis_app\actions-runner\_diag'
[2025-11-22 21:46:33Z INFO HostContext] Well known directory 'Bin': 'C:\Users\matte\Repo\risk_analysis_app\actions-runner\bin'
[2025-11-22 21:46:33Z INFO HostContext] Well known directory 'Root': 'C:\Users\matte\Repo\risk_analysis_app\actions-runner'
[2025-11-22 21:46:33Z INFO HostContext] Well known directory 'Diag': 'C:\Users\matte\Repo\risk_analysis_app\actions-runner\_diag'
[2025-11-22 21:46:33Z INFO JobRunner] Starting the job execution context.
[2025-11-22 21:46:33Z INFO HostContext] Well known directory 'Bin': 'C:\Users\matte\Repo\risk_analysis_app\actions-runner\bin'
[2025-11-22 21:46:33Z INFO HostContext] Well known directory 'Root': 'C:\Users\matte\Repo\risk_analysis_app\actions-runner'
[2025-11-22 21:46:33Z INFO HostContext] Well known directory 'Work': 'C:\Users\matte\Repo\risk_analysis_app\actions-runner\_work'
[2025-11-22 21:46:33Z INFO JobRunner] Validating directory permissions for: 'C:\Users\matte\Repo\risk_analysis_app\actions-runner\_work'
[2025-11-22 21:46:33Z INFO HostContext] Well known directory 'Bin': 'C:\Users\matte\Repo\risk_analysis_app\actions-runner\bin'
[2025-11-22 21:46:33Z INFO HostContext] Well known directory 'Root': 'C:\Users\matte\Repo\risk_analysis_app\actions-runner'
[2025-11-22 21:46:33Z INFO HostContext] Well known directory 'Work': 'C:\Users\matte\Repo\risk_analysis_app\actions-runner\_work'
[2025-11-22 21:46:33Z INFO HostContext] Well known directory 'Tools': 'C:\Users\matte\Repo\risk_analysis_app\actions-runner\_work\_tool'
[2025-11-22 21:46:33Z INFO HostContext] Well known directory 'Bin': 'C:\Users\matte\Repo\risk_analysis_app\actions-runner\bin'
[2025-11-22 21:46:33Z INFO HostContext] Well known directory 'Root': 'C:\Users\matte\Repo\risk_analysis_app\actions-runner'
[2025-11-22 21:46:33Z INFO HostContext] Well known directory 'Work': 'C:\Users\matte\Repo\risk_analysis_app\actions-runner\_work'
[2025-11-22 21:46:33Z INFO HostContext] Well known directory 'Temp': 'C:\Users\matte\Repo\risk_analysis_app\actions-runner\_work\_temp'
[2025-11-22 21:46:33Z INFO JobRunner] Getting job extension.
[2025-11-22 21:46:33Z INFO JobRunner] Initialize job. Getting all job steps.
[2025-11-22 21:46:33Z INFO HostContext] Well known directory 'Bin': 'C:\Users\matte\Repo\risk_analysis_app\actions-runner\bin'
[2025-11-22 21:46:33Z INFO HostContext] Well known directory 'Root': 'C:\Users\matte\Repo\risk_analysis_app\actions-runner'
[2025-11-22 21:46:33Z INFO HostContext] Well known directory 'Diag': 'C:\Users\matte\Repo\risk_analysis_app\actions-runner\_diag'
[2025-11-22 21:46:33Z INFO HostContext] Well known directory 'Bin': 'C:\Users\matte\Repo\risk_analysis_app\actions-runner\bin'
[2025-11-22 21:46:33Z INFO HostContext] Well known directory 'Root': 'C:\Users\matte\Repo\risk_analysis_app\actions-runner'
[2025-11-22 21:46:33Z INFO HostContext] Well known directory 'Diag': 'C:\Users\matte\Repo\risk_analysis_app\actions-runner\_diag'
[2025-11-22 21:46:33Z INFO HostContext] Well known directory 'Bin': 'C:\Users\matte\Repo\risk_analysis_app\actions-runner\bin'
[2025-11-22 21:46:33Z INFO HostContext] Well known directory 'Root': 'C:\Users\matte\Repo\risk_analysis_app\actions-runner'
[2025-11-22 21:46:33Z INFO HostContext] Well known config file 'Credentials': 'C:\Users\matte\Repo\risk_analysis_app\actions-runner\.credentials'
[2025-11-22 21:46:33Z INFO HostContext] Well known directory 'Bin': 'C:\Users\matte\Repo\risk_analysis_app\actions-runner\bin'
[2025-11-22 21:46:33Z INFO HostContext] Well known directory 'Root': 'C:\Users\matte\Repo\risk_analysis_app\actions-runner'
[2025-11-22 21:46:33Z INFO HostContext] Well known config file 'SetupInfo': 'C:\Users\matte\Repo\risk_analysis_app\actions-runner\.setup_info'
[2025-11-22 21:46:33Z INFO HostContext] Well known directory 'Bin': 'C:\Users\matte\Repo\risk_analysis_app\actions-runner\bin'
[2025-11-22 21:46:33Z INFO HostContext] Well known directory 'Root': 'C:\Users\matte\Repo\risk_analysis_app\actions-runner'
[2025-11-22 21:46:33Z INFO HostContext] Well known directory 'Work': 'C:\Users\matte\Repo\risk_analysis_app\actions-runner\_work'
[2025-11-22 21:46:33Z INFO PipelineDirectoryManager] Loading tracking config if exists: C:\Users\matte\Repo\risk_analysis_app\actions-runner\_work\_PipelineMapping\matteoLorenzini/risk_analysis_app\PipelineFolder.json
[2025-11-22 21:46:33Z INFO PipelineDirectoryManager] Updating job run properties.
[2025-11-22 21:46:33Z INFO HostContext] Well known directory 'Bin': 'C:\Users\matte\Repo\risk_analysis_app\actions-runner\bin'
[2025-11-22 21:46:33Z INFO HostContext] Well known directory 'Root': 'C:\Users\matte\Repo\risk_analysis_app\actions-runner'
[2025-11-22 21:46:33Z INFO HostContext] Well known directory 'Work': 'C:\Users\matte\Repo\risk_analysis_app\actions-runner\_work'
[2025-11-22 21:46:33Z INFO HostContext] Well known directory 'Bin': 'C:\Users\matte\Repo\risk_analysis_app\actions-runner\bin'
[2025-11-22 21:46:33Z INFO HostContext] Well known directory 'Root': 'C:\Users\matte\Repo\risk_analysis_app\actions-runner'
[2025-11-22 21:46:33Z INFO HostContext] Well known directory 'Work': 'C:\Users\matte\Repo\risk_analysis_app\actions-runner\_work'
[2025-11-22 21:46:33Z INFO HostContext] Well known directory 'Bin': 'C:\Users\matte\Repo\risk_analysis_app\actions-runner\bin'
[2025-11-22 21:46:33Z INFO HostContext] Well known directory 'Root': 'C:\Users\matte\Repo\risk_analysis_app\actions-runner'
[2025-11-22 21:46:33Z INFO HostContext] Well known directory 'Work': 'C:\Users\matte\Repo\risk_analysis_app\actions-runner\_work'
[2025-11-22 21:46:33Z INFO JobExtension] Downloading actions
[2025-11-22 21:46:33Z INFO HostContext] Well known directory 'Bin': 'C:\Users\matte\Repo\risk_analysis_app\actions-runner\bin'
[2025-11-22 21:46:33Z INFO HostContext] Well known directory 'Root': 'C:\Users\matte\Repo\risk_analysis_app\actions-runner'
[2025-11-22 21:46:33Z INFO HostContext] Well known directory 'Work': 'C:\Users\matte\Repo\risk_analysis_app\actions-runner\_work'
[2025-11-22 21:46:33Z INFO HostContext] Well known directory 'Actions': 'C:\Users\matte\Repo\risk_analysis_app\actions-runner\_work\_actions'
[2025-11-22 21:46:33Z INFO Worker] Listening for cancel message from the channel.
[2025-11-22 21:46:33Z INFO Worker] Waiting for the job to complete or for a cancel message from the channel.
[2025-11-22 21:46:33Z INFO ResultServer] Successfully started websocket client.
[2025-11-22 21:46:33Z INFO JobServerQueue] Try to append 1 batches web console lines for record '46ccfceb-f781-4f20-b556-10d4efa70abc', success rate: 1/1.
[2025-11-22 21:46:34Z INFO HostContext] Well known directory 'Bin': 'C:\Users\matte\Repo\risk_analysis_app\actions-runner\bin'
[2025-11-22 21:46:34Z INFO HostContext] Well known directory 'Root': 'C:\Users\matte\Repo\risk_analysis_app\actions-runner'
[2025-11-22 21:46:34Z INFO HostContext] Well known directory 'Work': 'C:\Users\matte\Repo\risk_analysis_app\actions-runner\_work'
[2025-11-22 21:46:34Z INFO HostContext] Well known directory 'Actions': 'C:\Users\matte\Repo\risk_analysis_app\actions-runner\_work\_actions'
[2025-11-22 21:46:34Z INFO HostContext] Well known directory 'Bin': 'C:\Users\matte\Repo\risk_analysis_app\actions-runner\bin'
[2025-11-22 21:46:34Z INFO HostContext] Well known directory 'Root': 'C:\Users\matte\Repo\risk_analysis_app\actions-runner'
[2025-11-22 21:46:34Z INFO HostContext] Well known directory 'Work': 'C:\Users\matte\Repo\risk_analysis_app\actions-runner\_work'
[2025-11-22 21:46:34Z INFO HostContext] Well known directory 'Actions': 'C:\Users\matte\Repo\risk_analysis_app\actions-runner\_work\_actions'
[2025-11-22 21:46:34Z INFO ActionManager] Save archive 'https://api.github.com/repos/actions/checkout/zipball/34e114876b0b11c390a56381ad16ebd13914f8d5' into C:\Users\matte\Repo\risk_analysis_app\actions-runner\_work\_actions\_temp_0234e5f7-99b3-4e79-acf0-df7cc2ad97b3\5ba8b312-4c65-4cd1-ae28-219e2a9b91fd.zip.
[2025-11-22 21:46:34Z INFO JobServerQueue] Try to append 1 batches web console lines for record '46ccfceb-f781-4f20-b556-10d4efa70abc', success rate: 1/1.
[2025-11-22 21:46:34Z INFO JobServerQueue] Job timeline record has been updated for the first time.
[2025-11-22 21:46:34Z INFO ActionManager] Request URL: https://api.github.com/repos/actions/checkout/zipball/34e114876b0b11c390a56381ad16ebd13914f8d5 X-GitHub-Request-Id: DFEE:21D324:1EBA98:2DCE28:69222F3A Http Status: OK
[2025-11-22 21:46:34Z INFO ActionManager] Finished getting action repository.
[2025-11-22 21:46:34Z INFO HostContext] Well known directory 'Bin': 'C:\Users\matte\Repo\risk_analysis_app\actions-runner\bin'
[2025-11-22 21:46:34Z INFO HostContext] Well known directory 'Root': 'C:\Users\matte\Repo\risk_analysis_app\actions-runner'
[2025-11-22 21:46:34Z INFO HostContext] Well known directory 'Work': 'C:\Users\matte\Repo\risk_analysis_app\actions-runner\_work'
[2025-11-22 21:46:34Z INFO HostContext] Well known directory 'Actions': 'C:\Users\matte\Repo\risk_analysis_app\actions-runner\_work\_actions'
[2025-11-22 21:46:34Z INFO ActionManifestManager] Load schema file with definitions: [
  "null",
  "boolean",
  "number",
  "string",
  "sequence",
  "mapping",
  "any",
  "action-root",
  "inputs",
  "input",
  "outputs",
  "output-definition",
  "runs",
  "container-runs",
  "container-runs-args",
  "container-runs-env",
  "node-runs",
  "plugin-runs",
  "composite-runs",
  "composite-steps",
  "composite-step",
  "run-step",
  "uses-step",
  "container-runs-context",
  "output-value",
  "input-default-context",
  "non-empty-string",
  "string-steps-context",
  "boolean-steps-context",
  "step-env",
  "step-if",
  "step-with"
]
[2025-11-22 21:46:34Z INFO HostContext] Well known directory 'Bin': 'C:\Users\matte\Repo\risk_analysis_app\actions-runner\bin'
[2025-11-22 21:46:34Z INFO HostContext] Well known directory 'Root': 'C:\Users\matte\Repo\risk_analysis_app\actions-runner'
[2025-11-22 21:46:34Z INFO HostContext] Well known directory 'Work': 'C:\Users\matte\Repo\risk_analysis_app\actions-runner\_work'
[2025-11-22 21:46:34Z INFO HostContext] Well known directory 'Actions': 'C:\Users\matte\Repo\risk_analysis_app\actions-runner\_work\_actions'
[2025-11-22 21:46:34Z INFO ActionManifestManager] Loaded action.yml file: {
  "name": "Checkout",
  "description": "Checkout a Git repository at a particular version",
  "inputs": {
    "type": 2,
    "map": [
      {
        "key": {
          "type": 0,
          "file": 2,
          "line": 4,
          "col": 3,
          "lit": "repository"
        },
        "value": {
          "type": 3,
          "file": 2,
          "line": 6,
          "col": 14,
          "expr": "github.repository"
        }
      },
      {
        "key": {
          "type": 0,
          "file": 2,
          "line": 7,
          "col": 3,
          "lit": "ref"
        },
        "value": ""
      },
      {
        "key": {
          "type": 0,
          "file": 2,
          "line": 12,
          "col": 3,
          "lit": "token"
        },
        "value": {
          "type": 3,
          "file": 2,
          "line": 24,
          "col": 14,
          "expr": "github.token"
        }
      },
      {
        "key": {
          "type": 0,
          "file": 2,
          "line": 25,
          "col": 3,
          "lit": "ssh-key"
        },
        "value": ""
      },
      {
        "key": {
          "type": 0,
          "file": 2,
          "line": 37,
          "col": 3,
          "lit": "ssh-known-hosts"
        },
        "value": ""
      },
      {
        "key": {
          "type": 0,
          "file": 2,
          "line": 42,
          "col": 3,
          "lit": "ssh-strict"
        },
        "value": {
          "type": 0,
          "file": 2,
          "line": 47,
          "col": 14,
          "lit": "true"
        }
      },
      {
        "key": {
          "type": 0,
          "file": 2,
          "line": 48,
          "col": 3,
          "lit": "ssh-user"
        },
        "value": {
          "type": 0,
          "file": 2,
          "line": 51,
          "col": 14,
          "lit": "git"
        }
      },
      {
        "key": {
          "type": 0,
          "file": 2,
          "line": 52,
          "col": 3,
          "lit": "persist-credentials"
        },
        "value": {
          "type": 0,
          "file": 2,
          "line": 54,
          "col": 14,
          "lit": "true"
        }
      },
      {
        "key": {
          "type": 0,
          "file": 2,
          "line": 55,
          "col": 3,
          "lit": "path"
        },
        "value": ""
      },
      {
        "key": {
          "type": 0,
          "file": 2,
          "line": 57,
          "col": 3,
          "lit": "clean"
        },
        "value": {
          "type": 0,
          "file": 2,
          "line": 59,
          "col": 14,
          "lit": "true"
        }
      },
      {
        "key": {
          "type": 0,
          "file": 2,
          "line": 60,
          "col": 3,
          "lit": "filter"
        },
        "value": {
          "type": 0,
          "file": 2,
          "line": 64,
          "col": 14,
          "lit": ""
        }
      },
      {
        "key": {
          "type": 0,
          "file": 2,
          "line": 65,
          "col": 3,
          "lit": "sparse-checkout"
        },
        "value": {
          "type": 0,
          "file": 2,
          "line": 69,
          "col": 14,
          "lit": ""
        }
      },
      {
        "key": {
          "type": 0,
          "file": 2,
          "line": 70,
          "col": 3,
          "lit": "sparse-checkout-cone-mode"
        },
        "value": {
          "type": 0,
          "file": 2,
          "line": 73,
          "col": 14,
          "lit": "true"
        }
      },
      {
        "key": {
          "type": 0,
          "file": 2,
          "line": 74,
          "col": 3,
          "lit": "fetch-depth"
        },
        "value": {
          "type": 0,
          "file": 2,
          "line": 76,
          "col": 14,
          "lit": "1"
        }
      },
      {
        "key": {
          "type": 0,
          "file": 2,
          "line": 77,
          "col": 3,
          "lit": "fetch-tags"
        },
        "value": {
          "type": 0,
          "file": 2,
          "line": 79,
          "col": 14,
          "lit": "false"
        }
      },
      {
        "key": {
          "type": 0,
          "file": 2,
          "line": 80,
          "col": 3,
          "lit": "show-progress"
        },
        "value": {
          "type": 0,
          "file": 2,
          "line": 82,
          "col": 14,
          "lit": "true"
        }
      },
      {
        "key": {
          "type": 0,
          "file": 2,
          "line": 83,
          "col": 3,
          "lit": "lfs"
        },
        "value": {
          "type": 0,
          "file": 2,
          "line": 85,
          "col": 14,
          "lit": "false"
        }
      },
      {
        "key": {
          "type": 0,
          "file": 2,
          "line": 86,
          "col": 3,
          "lit": "submodules"
        },
        "value": {
          "type": 0,
          "file": 2,
          "line": 94,
          "col": 14,
          "lit": "false"
        }
      },
      {
        "key": {
          "type": 0,
          "file": 2,
          "line": 95,
          "col": 3,
          "lit": "set-safe-directory"
        },
        "value": {
          "type": 0,
          "file": 2,
          "line": 97,
          "col": 14,
          "lit": "true"
        }
      },
      {
        "key": {
          "type": 0,
          "file": 2,
          "line": 98,
          "col": 3,
          "lit": "github-server-url"
        },
        "value": ""
      }
    ]
  },
  "execution": {
    "executionType": "nodeJS",
    "hasPre": false,
    "hasPost": true,
    "script": "dist/index.js",
    "pre": null,
    "post": "dist/index.js",
    "nodeVersion": "node20",
    "cleanupCondition": "always()",
    "initCondition": "always()"
  },
  "deprecated": null
}
[2025-11-22 21:46:34Z INFO ActionManager] Action node.js file: dist/index.js, no more preparation.
[2025-11-22 21:46:34Z INFO HostContext] Well known directory 'Bin': 'C:\Users\matte\Repo\risk_analysis_app\actions-runner\bin'
[2025-11-22 21:46:34Z INFO HostContext] Well known directory 'Root': 'C:\Users\matte\Repo\risk_analysis_app\actions-runner'
[2025-11-22 21:46:34Z INFO HostContext] Well known directory 'Work': 'C:\Users\matte\Repo\risk_analysis_app\actions-runner\_work'
[2025-11-22 21:46:34Z INFO HostContext] Well known directory 'Actions': 'C:\Users\matte\Repo\risk_analysis_app\actions-runner\_work\_actions'
[2025-11-22 21:46:34Z INFO ActionManager] Load action that reference repository from 'C:\Users\matte\Repo\risk_analysis_app\actions-runner\_work\_actions\actions\checkout\v4'
[2025-11-22 21:46:34Z INFO HostContext] Well known directory 'Bin': 'C:\Users\matte\Repo\risk_analysis_app\actions-runner\bin'
[2025-11-22 21:46:34Z INFO HostContext] Well known directory 'Root': 'C:\Users\matte\Repo\risk_analysis_app\actions-runner'
[2025-11-22 21:46:34Z INFO HostContext] Well known directory 'Work': 'C:\Users\matte\Repo\risk_analysis_app\actions-runner\_work'
[2025-11-22 21:46:34Z INFO HostContext] Well known directory 'Actions': 'C:\Users\matte\Repo\risk_analysis_app\actions-runner\_work\_actions'
[2025-11-22 21:46:34Z INFO ActionManifestManager] Loaded action.yml file: {
  "name": "Checkout",
  "description": "Checkout a Git repository at a particular version",
  "inputs": {
    "type": 2,
    "map": [
      {
        "key": {
          "type": 0,
          "file": 2,
          "line": 4,
          "col": 3,
          "lit": "repository"
        },
        "value": {
          "type": 3,
          "file": 2,
          "line": 6,
          "col": 14,
          "expr": "github.repository"
        }
      },
      {
        "key": {
          "type": 0,
          "file": 2,
          "line": 7,
          "col": 3,
          "lit": "ref"
        },
        "value": ""
      },
      {
        "key": {
          "type": 0,
          "file": 2,
          "line": 12,
          "col": 3,
          "lit": "token"
        },
        "value": {
          "type": 3,
          "file": 2,
          "line": 24,
          "col": 14,
          "expr": "github.token"
        }
      },
      {
        "key": {
          "type": 0,
          "file": 2,
          "line": 25,
          "col": 3,
          "lit": "ssh-key"
        },
        "value": ""
      },
      {
        "key": {
          "type": 0,
          "file": 2,
          "line": 37,
          "col": 3,
          "lit": "ssh-known-hosts"
        },
        "value": ""
      },
      {
        "key": {
          "type": 0,
          "file": 2,
          "line": 42,
          "col": 3,
          "lit": "ssh-strict"
        },
        "value": {
          "type": 0,
          "file": 2,
          "line": 47,
          "col": 14,
          "lit": "true"
        }
      },
      {
        "key": {
          "type": 0,
          "file": 2,
          "line": 48,
          "col": 3,
          "lit": "ssh-user"
        },
        "value": {
          "type": 0,
          "file": 2,
          "line": 51,
          "col": 14,
          "lit": "git"
        }
      },
      {
        "key": {
          "type": 0,
          "file": 2,
          "line": 52,
          "col": 3,
          "lit": "persist-credentials"
        },
        "value": {
          "type": 0,
          "file": 2,
          "line": 54,
          "col": 14,
          "lit": "true"
        }
      },
      {
        "key": {
          "type": 0,
          "file": 2,
          "line": 55,
          "col": 3,
          "lit": "path"
        },
        "value": ""
      },
      {
        "key": {
          "type": 0,
          "file": 2,
          "line": 57,
          "col": 3,
          "lit": "clean"
        },
        "value": {
          "type": 0,
          "file": 2,
          "line": 59,
          "col": 14,
          "lit": "true"
        }
      },
      {
        "key": {
          "type": 0,
          "file": 2,
          "line": 60,
          "col": 3,
          "lit": "filter"
        },
        "value": {
          "type": 0,
          "file": 2,
          "line": 64,
          "col": 14,
          "lit": ""
        }
      },
      {
        "key": {
          "type": 0,
          "file": 2,
          "line": 65,
          "col": 3,
          "lit": "sparse-checkout"
        },
        "value": {
          "type": 0,
          "file": 2,
          "line": 69,
          "col": 14,
          "lit": ""
        }
      },
      {
        "key": {
          "type": 0,
          "file": 2,
          "line": 70,
          "col": 3,
          "lit": "sparse-checkout-cone-mode"
        },
        "value": {
          "type": 0,
          "file": 2,
          "line": 73,
          "col": 14,
          "lit": "true"
        }
      },
      {
        "key": {
          "type": 0,
          "file": 2,
          "line": 74,
          "col": 3,
          "lit": "fetch-depth"
        },
        "value": {
          "type": 0,
          "file": 2,
          "line": 76,
          "col": 14,
          "lit": "1"
        }
      },
      {
        "key": {
          "type": 0,
          "file": 2,
          "line": 77,
          "col": 3,
          "lit": "fetch-tags"
        },
        "value": {
          "type": 0,
          "file": 2,
          "line": 79,
          "col": 14,
          "lit": "false"
        }
      },
      {
        "key": {
          "type": 0,
          "file": 2,
          "line": 80,
          "col": 3,
          "lit": "show-progress"
        },
        "value": {
          "type": 0,
          "file": 2,
          "line": 82,
          "col": 14,
          "lit": "true"
        }
      },
      {
        "key": {
          "type": 0,
          "file": 2,
          "line": 83,
          "col": 3,
          "lit": "lfs"
        },
        "value": {
          "type": 0,
          "file": 2,
          "line": 85,
          "col": 14,
          "lit": "false"
        }
      },
      {
        "key": {
          "type": 0,
          "file": 2,
          "line": 86,
          "col": 3,
          "lit": "submodules"
        },
        "value": {
          "type": 0,
          "file": 2,
          "line": 94,
          "col": 14,
          "lit": "false"
        }
      },
      {
        "key": {
          "type": 0,
          "file": 2,
          "line": 95,
          "col": 3,
          "lit": "set-safe-directory"
        },
        "value": {
          "type": 0,
          "file": 2,
          "line": 97,
          "col": 14,
          "lit": "true"
        }
      },
      {
        "key": {
          "type": 0,
          "file": 2,
          "line": 98,
          "col": 3,
          "lit": "github-server-url"
        },
        "value": ""
      }
    ]
  },
  "execution": {
    "executionType": "nodeJS",
    "hasPre": false,
    "hasPost": true,
    "script": "dist/index.js",
    "pre": null,
    "post": "dist/index.js",
    "nodeVersion": "node20",
    "cleanupCondition": "always()",
    "initCondition": "always()"
  },
  "deprecated": null
}
[2025-11-22 21:46:34Z INFO ActionManager] Action pre node.js file: N/A.
[2025-11-22 21:46:34Z INFO ActionManager] Action node.js file: dist/index.js.
[2025-11-22 21:46:34Z INFO ActionManager] Action post node.js file: dist/index.js.
[2025-11-22 21:46:34Z INFO JobExtension] Adding .
[2025-11-22 21:46:34Z INFO JobExtension] Adding .
[2025-11-22 21:46:34Z INFO JobExtension] Adding .
[2025-11-22 21:46:34Z INFO JobExtension] Adding .
[2025-11-22 21:46:34Z INFO JobExtension] Adding .
[2025-11-22 21:46:34Z INFO JobExtension] Adding .
[2025-11-22 21:46:34Z INFO JobExtension] Adding .
[2025-11-22 21:46:35Z INFO HostContext] Well known directory 'Bin': 'C:\Users\matte\Repo\risk_analysis_app\actions-runner\bin'
[2025-11-22 21:46:35Z INFO HostContext] Well known directory 'Root': 'C:\Users\matte\Repo\risk_analysis_app\actions-runner'
[2025-11-22 21:46:35Z INFO HostContext] Well known directory 'Diag': 'C:\Users\matte\Repo\risk_analysis_app\actions-runner\_diag'
[2025-11-22 21:46:35Z INFO HostContext] Well known directory 'Bin': 'C:\Users\matte\Repo\risk_analysis_app\actions-runner\bin'
[2025-11-22 21:46:35Z INFO HostContext] Well known directory 'Root': 'C:\Users\matte\Repo\risk_analysis_app\actions-runner'
[2025-11-22 21:46:35Z INFO HostContext] Well known directory 'Diag': 'C:\Users\matte\Repo\risk_analysis_app\actions-runner\_diag'
[2025-11-22 21:46:35Z INFO HostContext] Well known directory 'Bin': 'C:\Users\matte\Repo\risk_analysis_app\actions-runner\bin'
[2025-11-22 21:46:35Z INFO HostContext] Well known directory 'Root': 'C:\Users\matte\Repo\risk_analysis_app\actions-runner'
[2025-11-22 21:46:35Z INFO HostContext] Well known directory 'Diag': 'C:\Users\matte\Repo\risk_analysis_app\actions-runner\_diag'
[2025-11-22 21:46:35Z INFO HostContext] Well known directory 'Bin': 'C:\Users\matte\Repo\risk_analysis_app\actions-runner\bin'
[2025-11-22 21:46:35Z INFO HostContext] Well known directory 'Root': 'C:\Users\matte\Repo\risk_analysis_app\actions-runner'
[2025-11-22 21:46:35Z INFO HostContext] Well known directory 'Diag': 'C:\Users\matte\Repo\risk_analysis_app\actions-runner\_diag'
[2025-11-22 21:46:35Z INFO HostContext] Well known directory 'Bin': 'C:\Users\matte\Repo\risk_analysis_app\actions-runner\bin'
[2025-11-22 21:46:35Z INFO HostContext] Well known directory 'Root': 'C:\Users\matte\Repo\risk_analysis_app\actions-runner'
[2025-11-22 21:46:35Z INFO HostContext] Well known directory 'Diag': 'C:\Users\matte\Repo\risk_analysis_app\actions-runner\_diag'
[2025-11-22 21:46:35Z INFO HostContext] Well known directory 'Bin': 'C:\Users\matte\Repo\risk_analysis_app\actions-runner\bin'
[2025-11-22 21:46:35Z INFO HostContext] Well known directory 'Root': 'C:\Users\matte\Repo\risk_analysis_app\actions-runner'
[2025-11-22 21:46:35Z INFO HostContext] Well known directory 'Diag': 'C:\Users\matte\Repo\risk_analysis_app\actions-runner\_diag'
[2025-11-22 21:46:35Z INFO HostContext] Well known directory 'Bin': 'C:\Users\matte\Repo\risk_analysis_app\actions-runner\bin'
[2025-11-22 21:46:35Z INFO HostContext] Well known directory 'Root': 'C:\Users\matte\Repo\risk_analysis_app\actions-runner'
[2025-11-22 21:46:35Z INFO HostContext] Well known directory 'Diag': 'C:\Users\matte\Repo\risk_analysis_app\actions-runner\_diag'
[2025-11-22 21:46:35Z INFO HostContext] Well known directory 'Bin': 'C:\Users\matte\Repo\risk_analysis_app\actions-runner\bin'
[2025-11-22 21:46:35Z INFO HostContext] Well known directory 'Root': 'C:\Users\matte\Repo\risk_analysis_app\actions-runner'
[2025-11-22 21:46:35Z INFO HostContext] Well known directory 'Diag': 'C:\Users\matte\Repo\risk_analysis_app\actions-runner\_diag'
[2025-11-22 21:46:35Z INFO HostContext] Well known directory 'Bin': 'C:\Users\matte\Repo\risk_analysis_app\actions-runner\bin'
[2025-11-22 21:46:35Z INFO HostContext] Well known directory 'Root': 'C:\Users\matte\Repo\risk_analysis_app\actions-runner'
[2025-11-22 21:46:35Z INFO HostContext] Well known directory 'Diag': 'C:\Users\matte\Repo\risk_analysis_app\actions-runner\_diag'
[2025-11-22 21:46:35Z INFO HostContext] Well known directory 'Bin': 'C:\Users\matte\Repo\risk_analysis_app\actions-runner\bin'
[2025-11-22 21:46:35Z INFO HostContext] Well known directory 'Root': 'C:\Users\matte\Repo\risk_analysis_app\actions-runner'
[2025-11-22 21:46:35Z INFO HostContext] Well known directory 'Diag': 'C:\Users\matte\Repo\risk_analysis_app\actions-runner\_diag'
[2025-11-22 21:46:35Z INFO HostContext] Well known directory 'Bin': 'C:\Users\matte\Repo\risk_analysis_app\actions-runner\bin'
[2025-11-22 21:46:35Z INFO HostContext] Well known directory 'Root': 'C:\Users\matte\Repo\risk_analysis_app\actions-runner'
[2025-11-22 21:46:35Z INFO HostContext] Well known directory 'Diag': 'C:\Users\matte\Repo\risk_analysis_app\actions-runner\_diag'
[2025-11-22 21:46:35Z INFO HostContext] Well known directory 'Bin': 'C:\Users\matte\Repo\risk_analysis_app\actions-runner\bin'
[2025-11-22 21:46:35Z INFO HostContext] Well known directory 'Root': 'C:\Users\matte\Repo\risk_analysis_app\actions-runner'
[2025-11-22 21:46:35Z INFO HostContext] Well known directory 'Diag': 'C:\Users\matte\Repo\risk_analysis_app\actions-runner\_diag'
[2025-11-22 21:46:35Z INFO HostContext] Well known directory 'Bin': 'C:\Users\matte\Repo\risk_analysis_app\actions-runner\bin'
[2025-11-22 21:46:35Z INFO HostContext] Well known directory 'Root': 'C:\Users\matte\Repo\risk_analysis_app\actions-runner'
[2025-11-22 21:46:35Z INFO HostContext] Well known directory 'Diag': 'C:\Users\matte\Repo\risk_analysis_app\actions-runner\_diag'
[2025-11-22 21:46:35Z INFO HostContext] Well known directory 'Bin': 'C:\Users\matte\Repo\risk_analysis_app\actions-runner\bin'
[2025-11-22 21:46:35Z INFO HostContext] Well known directory 'Root': 'C:\Users\matte\Repo\risk_analysis_app\actions-runner'
[2025-11-22 21:46:35Z INFO HostContext] Well known directory 'Diag': 'C:\Users\matte\Repo\risk_analysis_app\actions-runner\_diag'
[2025-11-22 21:46:35Z INFO JobExtension] Total accessible running process: 338.
[2025-11-22 21:46:35Z INFO HostContext] Well known directory 'Bin': 'C:\Users\matte\Repo\risk_analysis_app\actions-runner\bin'
[2025-11-22 21:46:35Z INFO HostContext] Well known directory 'Root': 'C:\Users\matte\Repo\risk_analysis_app\actions-runner'
[2025-11-22 21:46:35Z INFO HostContext] Well known directory 'Work': 'C:\Users\matte\Repo\risk_analysis_app\actions-runner\_work'
[2025-11-22 21:46:35Z INFO JobExtension] Start checking service connectivity in background.
[2025-11-22 21:46:35Z INFO ExecutionContext] Publish step telemetry for current step {
  "action": "setup_job",
  "type": "runner",
  "stage": "Pre",
  "stepId": "46ccfceb-f781-4f20-b556-10d4efa70abc",
  "result": "succeeded",
  "errorMessages": [],
  "executionTimeInSeconds": 2,
  "startTime": "2025-11-22T21:46:33.5305271Z",
  "finishTime": "2025-11-22T21:46:35.0306202Z"
}.
[2025-11-22 21:46:35Z INFO JobRunner] Total job steps: 7.
[2025-11-22 21:46:35Z INFO JobRunner] Run all job steps.
[2025-11-22 21:46:35Z INFO StepsRunner] Processing step: DisplayName='Checkout repository'
[2025-11-22 21:46:35Z INFO StepsRunner] Evaluating: success()
[2025-11-22 21:46:35Z INFO StepsRunner] Result: true
[2025-11-22 21:46:35Z INFO StepsRunner] Starting the step.
[2025-11-22 21:46:35Z INFO HostContext] Well known directory 'Bin': 'C:\Users\matte\Repo\risk_analysis_app\actions-runner\bin'
[2025-11-22 21:46:35Z INFO HostContext] Well known directory 'Root': 'C:\Users\matte\Repo\risk_analysis_app\actions-runner'
[2025-11-22 21:46:35Z INFO HostContext] Well known directory 'Work': 'C:\Users\matte\Repo\risk_analysis_app\actions-runner\_work'
[2025-11-22 21:46:35Z INFO StepsRunner] Which2: 'chcp'
[2025-11-22 21:46:35Z INFO StepsRunner] Location: 'C:\WINDOWS\system32\chcp.COM'
[2025-11-22 21:46:35Z INFO ProcessInvokerWrapper] Starting process:
[2025-11-22 21:46:35Z INFO ProcessInvokerWrapper]   File name: 'C:\WINDOWS\system32\chcp.COM'
[2025-11-22 21:46:35Z INFO ProcessInvokerWrapper]   Arguments: '65001'
[2025-11-22 21:46:35Z INFO ProcessInvokerWrapper]   Working directory: 'C:\Users\matte\Repo\risk_analysis_app\actions-runner\_work'
[2025-11-22 21:46:35Z INFO ProcessInvokerWrapper]   Require exit code zero: 'False'
[2025-11-22 21:46:35Z INFO ProcessInvokerWrapper]   Encoding web name:  ; code page: ''
[2025-11-22 21:46:35Z INFO ProcessInvokerWrapper]   Force kill process on cancellation: 'False'
[2025-11-22 21:46:35Z INFO ProcessInvokerWrapper]   Redirected STDIN: 'False'
[2025-11-22 21:46:35Z INFO ProcessInvokerWrapper]   Persist current code page: 'True'
[2025-11-22 21:46:35Z INFO ProcessInvokerWrapper]   Keep redirected STDIN open: 'False'
[2025-11-22 21:46:35Z INFO ProcessInvokerWrapper]   High priority process: 'False'
[2025-11-22 21:46:35Z INFO ProcessInvokerWrapper] Process started with process id 15592, waiting for process exit.
[2025-11-22 21:46:35Z INFO ProcessInvokerWrapper] STDOUT/STDERR stream read finished.
[2025-11-22 21:46:35Z INFO ProcessInvokerWrapper] STDOUT/STDERR stream read finished.
[2025-11-22 21:46:35Z INFO ProcessInvokerWrapper] Finished process 15592 with exit code 0, and elapsed time 00:00:00.0502133.
[2025-11-22 21:46:35Z INFO StepsRunner] Successfully returned to code page 65001 (UTF8)
[2025-11-22 21:46:35Z INFO HostContext] Well known directory 'Bin': 'C:\Users\matte\Repo\risk_analysis_app\actions-runner\bin'
[2025-11-22 21:46:35Z INFO HostContext] Well known directory 'Root': 'C:\Users\matte\Repo\risk_analysis_app\actions-runner'
[2025-11-22 21:46:35Z INFO HostContext] Well known directory 'Work': 'C:\Users\matte\Repo\risk_analysis_app\actions-runner\_work'
[2025-11-22 21:46:35Z INFO HostContext] Well known directory 'Actions': 'C:\Users\matte\Repo\risk_analysis_app\actions-runner\_work\_actions'
[2025-11-22 21:46:35Z INFO ActionManager] Load action that reference repository from 'C:\Users\matte\Repo\risk_analysis_app\actions-runner\_work\_actions\actions\checkout\v4'
[2025-11-22 21:46:35Z INFO HostContext] Well known directory 'Bin': 'C:\Users\matte\Repo\risk_analysis_app\actions-runner\bin'
[2025-11-22 21:46:35Z INFO HostContext] Well known directory 'Root': 'C:\Users\matte\Repo\risk_analysis_app\actions-runner'
[2025-11-22 21:46:35Z INFO HostContext] Well known directory 'Work': 'C:\Users\matte\Repo\risk_analysis_app\actions-runner\_work'
[2025-11-22 21:46:35Z INFO HostContext] Well known directory 'Actions': 'C:\Users\matte\Repo\risk_analysis_app\actions-runner\_work\_actions'
[2025-11-22 21:46:35Z INFO ActionManifestManager] Loaded action.yml file: {
  "name": "Checkout",
  "description": "Checkout a Git repository at a particular version",
  "inputs": {
    "type": 2,
    "map": [
      {
        "key": {
          "type": 0,
          "file": 2,
          "line": 4,
          "col": 3,
          "lit": "repository"
        },
        "value": {
          "type": 3,
          "file": 2,
          "line": 6,
          "col": 14,
          "expr": "github.repository"
        }
      },
      {
        "key": {
          "type": 0,
          "file": 2,
          "line": 7,
          "col": 3,
          "lit": "ref"
        },
        "value": ""
      },
      {
        "key": {
          "type": 0,
          "file": 2,
          "line": 12,
          "col": 3,
          "lit": "token"
        },
        "value": {
          "type": 3,
          "file": 2,
          "line": 24,
          "col": 14,
          "expr": "github.token"
        }
      },
      {
        "key": {
          "type": 0,
          "file": 2,
          "line": 25,
          "col": 3,
          "lit": "ssh-key"
        },
        "value": ""
      },
      {
        "key": {
          "type": 0,
          "file": 2,
          "line": 37,
          "col": 3,
          "lit": "ssh-known-hosts"
        },
        "value": ""
      },
      {
        "key": {
          "type": 0,
          "file": 2,
          "line": 42,
          "col": 3,
          "lit": "ssh-strict"
        },
        "value": {
          "type": 0,
          "file": 2,
          "line": 47,
          "col": 14,
          "lit": "true"
        }
      },
      {
        "key": {
          "type": 0,
          "file": 2,
          "line": 48,
          "col": 3,
          "lit": "ssh-user"
        },
        "value": {
          "type": 0,
          "file": 2,
          "line": 51,
          "col": 14,
          "lit": "git"
        }
      },
      {
        "key": {
          "type": 0,
          "file": 2,
          "line": 52,
          "col": 3,
          "lit": "persist-credentials"
        },
        "value": {
          "type": 0,
          "file": 2,
          "line": 54,
          "col": 14,
          "lit": "true"
        }
      },
      {
        "key": {
          "type": 0,
          "file": 2,
          "line": 55,
          "col": 3,
          "lit": "path"
        },
        "value": ""
      },
      {
        "key": {
          "type": 0,
          "file": 2,
          "line": 57,
          "col": 3,
          "lit": "clean"
        },
        "value": {
          "type": 0,
          "file": 2,
          "line": 59,
          "col": 14,
          "lit": "true"
        }
      },
      {
        "key": {
          "type": 0,
          "file": 2,
          "line": 60,
          "col": 3,
          "lit": "filter"
        },
        "value": {
          "type": 0,
          "file": 2,
          "line": 64,
          "col": 14,
          "lit": ""
        }
      },
      {
        "key": {
          "type": 0,
          "file": 2,
          "line": 65,
          "col": 3,
          "lit": "sparse-checkout"
        },
        "value": {
          "type": 0,
          "file": 2,
          "line": 69,
          "col": 14,
          "lit": ""
        }
      },
      {
        "key": {
          "type": 0,
          "file": 2,
          "line": 70,
          "col": 3,
          "lit": "sparse-checkout-cone-mode"
        },
        "value": {
          "type": 0,
          "file": 2,
          "line": 73,
          "col": 14,
          "lit": "true"
        }
      },
      {
        "key": {
          "type": 0,
          "file": 2,
          "line": 74,
          "col": 3,
          "lit": "fetch-depth"
        },
        "value": {
          "type": 0,
          "file": 2,
          "line": 76,
          "col": 14,
          "lit": "1"
        }
      },
      {
        "key": {
          "type": 0,
          "file": 2,
          "line": 77,
          "col": 3,
          "lit": "fetch-tags"
        },
        "value": {
          "type": 0,
          "file": 2,
          "line": 79,
          "col": 14,
          "lit": "false"
        }
      },
      {
        "key": {
          "type": 0,
          "file": 2,
          "line": 80,
          "col": 3,
          "lit": "show-progress"
        },
        "value": {
          "type": 0,
          "file": 2,
          "line": 82,
          "col": 14,
          "lit": "true"
        }
      },
      {
        "key": {
          "type": 0,
          "file": 2,
          "line": 83,
          "col": 3,
          "lit": "lfs"
        },
        "value": {
          "type": 0,
          "file": 2,
          "line": 85,
          "col": 14,
          "lit": "false"
        }
      },
      {
        "key": {
          "type": 0,
          "file": 2,
          "line": 86,
          "col": 3,
          "lit": "submodules"
        },
        "value": {
          "type": 0,
          "file": 2,
          "line": 94,
          "col": 14,
          "lit": "false"
        }
      },
      {
        "key": {
          "type": 0,
          "file": 2,
          "line": 95,
          "col": 3,
          "lit": "set-safe-directory"
        },
        "value": {
          "type": 0,
          "file": 2,
          "line": 97,
          "col": 14,
          "lit": "true"
        }
      },
      {
        "key": {
          "type": 0,
          "file": 2,
          "line": 98,
          "col": 3,
          "lit": "github-server-url"
        },
        "value": ""
      }
    ]
  },
  "execution": {
    "executionType": "nodeJS",
    "hasPre": false,
    "hasPost": true,
    "script": "dist/index.js",
    "pre": null,
    "post": "dist/index.js",
    "nodeVersion": "node20",
    "cleanupCondition": "always()",
    "initCondition": "always()"
  },
  "deprecated": null
}
[2025-11-22 21:46:35Z INFO ActionManager] Action pre node.js file: N/A.
[2025-11-22 21:46:35Z INFO ActionManager] Action node.js file: dist/index.js.
[2025-11-22 21:46:35Z INFO ActionManager] Action post node.js file: dist/index.js.
[2025-11-22 21:46:35Z INFO ExecutionContext] Reserve record order 9 to 16 for post job actions.
[2025-11-22 21:46:35Z INFO HostContext] Well known directory 'Bin': 'C:\Users\matte\Repo\risk_analysis_app\actions-runner\bin'
[2025-11-22 21:46:35Z INFO HostContext] Well known directory 'Root': 'C:\Users\matte\Repo\risk_analysis_app\actions-runner'
[2025-11-22 21:46:35Z INFO HostContext] Well known directory 'Diag': 'C:\Users\matte\Repo\risk_analysis_app\actions-runner\_diag'
[2025-11-22 21:46:35Z INFO HostContext] Well known directory 'Bin': 'C:\Users\matte\Repo\risk_analysis_app\actions-runner\bin'
[2025-11-22 21:46:35Z INFO HostContext] Well known directory 'Root': 'C:\Users\matte\Repo\risk_analysis_app\actions-runner'
[2025-11-22 21:46:35Z INFO HostContext] Well known directory 'Diag': 'C:\Users\matte\Repo\risk_analysis_app\actions-runner\_diag'
[2025-11-22 21:46:35Z INFO HostContext] Well known directory 'Bin': 'C:\Users\matte\Repo\risk_analysis_app\actions-runner\bin'
[2025-11-22 21:46:35Z INFO HostContext] Well known directory 'Root': 'C:\Users\matte\Repo\risk_analysis_app\actions-runner'
[2025-11-22 21:46:35Z INFO HostContext] Well known directory 'Work': 'C:\Users\matte\Repo\risk_analysis_app\actions-runner\_work'
[2025-11-22 21:46:35Z INFO HostContext] Well known directory 'Temp': 'C:\Users\matte\Repo\risk_analysis_app\actions-runner\_work\_temp'
[2025-11-22 21:46:35Z INFO ExecutionContext] Write event payload to C:\Users\matte\Repo\risk_analysis_app\actions-runner\_work\_temp\_github_workflow\event.json
[2025-11-22 21:46:35Z INFO HostContext] Well known directory 'Bin': 'C:\Users\matte\Repo\risk_analysis_app\actions-runner\bin'
[2025-11-22 21:46:35Z INFO HostContext] Well known directory 'Root': 'C:\Users\matte\Repo\risk_analysis_app\actions-runner'
[2025-11-22 21:46:35Z INFO HostContext] Well known directory 'Work': 'C:\Users\matte\Repo\risk_analysis_app\actions-runner\_work'
[2025-11-22 21:46:35Z INFO HostContext] Well known directory 'Temp': 'C:\Users\matte\Repo\risk_analysis_app\actions-runner\_work\_temp'
[2025-11-22 21:46:35Z INFO ExtensionManager] Getting extensions for interface: 'GitHub.Runner.Worker.IFileCommandExtension'
[2025-11-22 21:46:35Z INFO ExtensionManager] Creating instance: GitHub.Runner.Worker.AddPathFileCommand, Runner.Worker
[2025-11-22 21:46:35Z INFO ExtensionManager] Creating instance: GitHub.Runner.Worker.SetEnvFileCommand, Runner.Worker
[2025-11-22 21:46:35Z INFO ExtensionManager] Creating instance: GitHub.Runner.Worker.CreateStepSummaryCommand, Runner.Worker
[2025-11-22 21:46:35Z INFO ExtensionManager] Creating instance: GitHub.Runner.Worker.SaveStateFileCommand, Runner.Worker
[2025-11-22 21:46:35Z INFO ExtensionManager] Creating instance: GitHub.Runner.Worker.SetOutputFileCommand, Runner.Worker
[2025-11-22 21:46:35Z INFO ActionManifestManager] Input 'repository': default value evaluate result: {
  "type": 0,
  "file": 2,
  "line": 6,
  "col": 14,
  "lit": "matteoLorenzini/risk_analysis_app"
}
[2025-11-22 21:46:35Z INFO ActionManifestManager] Input 'ref': default value evaluate result: ""
[2025-11-22 21:46:35Z INFO ActionManifestManager] Input 'token': default value evaluate result: {
  "type": 0,
  "file": 2,
  "line": 24,
  "col": 14,
  "lit": "***"
}
[2025-11-22 21:46:35Z INFO ActionManifestManager] Input 'ssh-key': default value evaluate result: ""
[2025-11-22 21:46:35Z INFO ActionManifestManager] Input 'ssh-known-hosts': default value evaluate result: ""
[2025-11-22 21:46:35Z INFO ActionManifestManager] Input 'ssh-strict': default value evaluate result: {
  "type": 0,
  "file": 2,
  "line": 47,
  "col": 14,
  "lit": "true"
}
[2025-11-22 21:46:35Z INFO ActionManifestManager] Input 'ssh-user': default value evaluate result: {
  "type": 0,
  "file": 2,
  "line": 51,
  "col": 14,
  "lit": "git"
}
[2025-11-22 21:46:35Z INFO ActionManifestManager] Input 'persist-credentials': default value evaluate result: {
  "type": 0,
  "file": 2,
  "line": 54,
  "col": 14,
  "lit": "true"
}
[2025-11-22 21:46:35Z INFO ActionManifestManager] Input 'path': default value evaluate result: ""
[2025-11-22 21:46:35Z INFO ActionManifestManager] Input 'clean': default value evaluate result: {
  "type": 0,
  "file": 2,
  "line": 59,
  "col": 14,
  "lit": "true"
}
[2025-11-22 21:46:35Z INFO ActionManifestManager] Input 'filter': default value evaluate result: {
  "type": 0,
  "file": 2,
  "line": 64,
  "col": 14,
  "lit": ""
}
[2025-11-22 21:46:35Z INFO ActionManifestManager] Input 'sparse-checkout': default value evaluate result: {
  "type": 0,
  "file": 2,
  "line": 69,
  "col": 14,
  "lit": ""
}
[2025-11-22 21:46:35Z INFO ActionManifestManager] Input 'sparse-checkout-cone-mode': default value evaluate result: {
  "type": 0,
  "file": 2,
  "line": 73,
  "col": 14,
  "lit": "true"
}
[2025-11-22 21:46:35Z INFO ActionManifestManager] Input 'fetch-depth': default value evaluate result: {
  "type": 0,
  "file": 2,
  "line": 76,
  "col": 14,
  "lit": "1"
}
[2025-11-22 21:46:35Z INFO ActionManifestManager] Input 'fetch-tags': default value evaluate result: {
  "type": 0,
  "file": 2,
  "line": 79,
  "col": 14,
  "lit": "false"
}
[2025-11-22 21:46:35Z INFO ActionManifestManager] Input 'show-progress': default value evaluate result: {
  "type": 0,
  "file": 2,
  "line": 82,
  "col": 14,
  "lit": "true"
}
[2025-11-22 21:46:35Z INFO ActionManifestManager] Input 'lfs': default value evaluate result: {
  "type": 0,
  "file": 2,
  "line": 85,
  "col": 14,
  "lit": "false"
}
[2025-11-22 21:46:35Z INFO ActionManifestManager] Input 'submodules': default value evaluate result: {
  "type": 0,
  "file": 2,
  "line": 94,
  "col": 14,
  "lit": "false"
}
[2025-11-22 21:46:35Z INFO ActionManifestManager] Input 'set-safe-directory': default value evaluate result: {
  "type": 0,
  "file": 2,
  "line": 97,
  "col": 14,
  "lit": "true"
}
[2025-11-22 21:46:35Z INFO ActionManifestManager] Input 'github-server-url': default value evaluate result: ""
[2025-11-22 21:46:35Z INFO ExtensionManager] Getting extensions for interface: 'GitHub.Runner.Worker.IActionCommandExtension'
[2025-11-22 21:46:35Z INFO ExtensionManager] Creating instance: GitHub.Runner.Worker.InternalPluginSetRepoPathCommandExtension, Runner.Worker
[2025-11-22 21:46:35Z INFO ExtensionManager] Creating instance: GitHub.Runner.Worker.SetEnvCommandExtension, Runner.Worker
[2025-11-22 21:46:35Z INFO ExtensionManager] Creating instance: GitHub.Runner.Worker.SetOutputCommandExtension, Runner.Worker
[2025-11-22 21:46:35Z INFO ExtensionManager] Creating instance: GitHub.Runner.Worker.SaveStateCommandExtension, Runner.Worker
[2025-11-22 21:46:35Z INFO ExtensionManager] Creating instance: GitHub.Runner.Worker.AddPathCommandExtension, Runner.Worker
[2025-11-22 21:46:35Z INFO ExtensionManager] Creating instance: GitHub.Runner.Worker.AddMaskCommandExtension, Runner.Worker
[2025-11-22 21:46:35Z INFO ExtensionManager] Creating instance: GitHub.Runner.Worker.AddMatcherCommandExtension, Runner.Worker
[2025-11-22 21:46:35Z INFO ExtensionManager] Creating instance: GitHub.Runner.Worker.RemoveMatcherCommandExtension, Runner.Worker
[2025-11-22 21:46:35Z INFO ExtensionManager] Creating instance: GitHub.Runner.Worker.WarningCommandExtension, Runner.Worker
[2025-11-22 21:46:35Z INFO ExtensionManager] Creating instance: GitHub.Runner.Worker.ErrorCommandExtension, Runner.Worker
[2025-11-22 21:46:35Z INFO ExtensionManager] Creating instance: GitHub.Runner.Worker.NoticeCommandExtension, Runner.Worker
[2025-11-22 21:46:35Z INFO ExtensionManager] Creating instance: GitHub.Runner.Worker.DebugCommandExtension, Runner.Worker
[2025-11-22 21:46:35Z INFO ExtensionManager] Creating instance: GitHub.Runner.Worker.GroupCommandExtension, Runner.Worker
[2025-11-22 21:46:35Z INFO ExtensionManager] Creating instance: GitHub.Runner.Worker.EndGroupCommandExtension, Runner.Worker
[2025-11-22 21:46:35Z INFO ExtensionManager] Creating instance: GitHub.Runner.Worker.EchoCommandExtension, Runner.Worker
[2025-11-22 21:46:35Z INFO ActionCommandManager] Register action command extension for command internal-set-repo-path
[2025-11-22 21:46:35Z INFO ActionCommandManager] Register action command extension for command set-env
[2025-11-22 21:46:35Z INFO ActionCommandManager] Register action command extension for command set-output
[2025-11-22 21:46:35Z INFO ActionCommandManager] Register action command extension for command save-state
[2025-11-22 21:46:35Z INFO ActionCommandManager] Register action command extension for command add-path
[2025-11-22 21:46:35Z INFO ActionCommandManager] Register action command extension for command add-mask
[2025-11-22 21:46:35Z INFO ActionCommandManager] Register action command extension for command add-matcher
[2025-11-22 21:46:35Z INFO ActionCommandManager] Register action command extension for command remove-matcher
[2025-11-22 21:46:35Z INFO ActionCommandManager] Register action command extension for command warning
[2025-11-22 21:46:35Z INFO ActionCommandManager] Register action command extension for command error
[2025-11-22 21:46:35Z INFO ActionCommandManager] Register action command extension for command notice
[2025-11-22 21:46:35Z INFO ActionCommandManager] Register action command extension for command debug
[2025-11-22 21:46:35Z INFO ActionCommandManager] Register action command extension for command group
[2025-11-22 21:46:35Z INFO ActionCommandManager] Register action command extension for command endgroup
[2025-11-22 21:46:35Z INFO ActionCommandManager] Register action command extension for command echo
[2025-11-22 21:46:35Z INFO HostContext] Well known directory 'Bin': 'C:\Users\matte\Repo\risk_analysis_app\actions-runner\bin'
[2025-11-22 21:46:35Z INFO HostContext] Well known directory 'Root': 'C:\Users\matte\Repo\risk_analysis_app\actions-runner'
[2025-11-22 21:46:35Z INFO HostContext] Well known directory 'Externals': 'C:\Users\matte\Repo\risk_analysis_app\actions-runner\externals'
[2025-11-22 21:46:35Z INFO ProcessInvokerWrapper] Starting process:
[2025-11-22 21:46:35Z INFO ProcessInvokerWrapper]   File name: 'C:\Users\matte\Repo\risk_analysis_app\actions-runner\externals\node20\bin\node.exe'
[2025-11-22 21:46:35Z INFO ProcessInvokerWrapper]   Arguments: '"C:\Users\matte\Repo\risk_analysis_app\actions-runner\_work\_actions\actions\checkout\v4\dist/index.js"'
[2025-11-22 21:46:35Z INFO ProcessInvokerWrapper]   Working directory: 'C:\Users\matte\Repo\risk_analysis_app\actions-runner\_work\risk_analysis_app\risk_analysis_app'
[2025-11-22 21:46:35Z INFO ProcessInvokerWrapper]   Require exit code zero: 'False'
[2025-11-22 21:46:35Z INFO ProcessInvokerWrapper]   Encoding web name: utf-8 ; code page: '65001'
[2025-11-22 21:46:35Z INFO ProcessInvokerWrapper]   Force kill process on cancellation: 'False'
[2025-11-22 21:46:35Z INFO ProcessInvokerWrapper]   Redirected STDIN: 'False'
[2025-11-22 21:46:35Z INFO ProcessInvokerWrapper]   Persist current code page: 'True'
[2025-11-22 21:46:35Z INFO ProcessInvokerWrapper]   Keep redirected STDIN open: 'False'
[2025-11-22 21:46:35Z INFO ProcessInvokerWrapper]   High priority process: 'False'
[2025-11-22 21:46:35Z INFO ProcessInvokerWrapper] Process started with process id 23412, waiting for process exit.
[2025-11-22 21:46:35Z INFO JobServerQueue] Try to append 1 batches web console lines for record '46ccfceb-f781-4f20-b556-10d4efa70abc', success rate: 1/1.
[2025-11-22 21:46:35Z INFO JobServerQueue] Try to append 1 batches web console lines for record '133d5eb0-b686-47b4-8816-f83385ea890f', success rate: 1/1.
[2025-11-22 21:46:35Z INFO AddMaskCommandExtension] Add new secret mask with length of 76
[2025-11-22 21:46:35Z INFO JobServerQueue] Try to append 1 batches web console lines for record '133d5eb0-b686-47b4-8816-f83385ea890f', success rate: 1/1.
[2025-11-22 21:46:35Z INFO JobServerQueue] Got a step log file to send to results service.
[2025-11-22 21:46:35Z INFO JobServerQueue] Starting upload of step log file to results service ResultsLog, C:\Users\matte\Repo\risk_analysis_app\actions-runner\_diag\blocks\d041d6ab-482f-44e0-98c5-5e32071cddc9_46ccfceb-f781-4f20-b556-10d4efa70abc.1
[2025-11-22 21:46:35Z INFO JobServerQueue] Try to upload 1 log files or attachments, success rate: 1/1.
[2025-11-22 21:46:35Z INFO JobServerQueue] Try to append 1 batches web console lines for record '133d5eb0-b686-47b4-8816-f83385ea890f', success rate: 1/1.
[2025-11-22 21:46:36Z INFO JobServerQueue] Try to append 1 batches web console lines for record '133d5eb0-b686-47b4-8816-f83385ea890f', success rate: 1/1.
[2025-11-22 21:46:36Z INFO JobServerQueue] Tried to upload 1 file(s) to results, success rate: 1/1.
[2025-11-22 21:46:36Z INFO JobServerQueue] Try to append 1 batches web console lines for record '133d5eb0-b686-47b4-8816-f83385ea890f', success rate: 1/1.
[2025-11-22 21:46:37Z INFO JobServerQueue] Try to append 1 batches web console lines for record '133d5eb0-b686-47b4-8816-f83385ea890f', success rate: 1/1.
[2025-11-22 21:46:37Z INFO JobServerQueue] Try to append 1 batches web console lines for record '133d5eb0-b686-47b4-8816-f83385ea890f', success rate: 1/1.
[2025-11-22 21:46:37Z INFO JobServerQueue] Try to append 1 batches web console lines for record '133d5eb0-b686-47b4-8816-f83385ea890f', success rate: 1/1.
[2025-11-22 21:46:38Z INFO JobServerQueue] Try to append 1 batches web console lines for record '133d5eb0-b686-47b4-8816-f83385ea890f', success rate: 1/1.
[2025-11-22 21:46:39Z INFO JobServerQueue] Try to append 1 batches web console lines for record '133d5eb0-b686-47b4-8816-f83385ea890f', success rate: 1/1.
[2025-11-22 21:46:39Z INFO JobServerQueue] Try to append 1 batches web console lines for record '133d5eb0-b686-47b4-8816-f83385ea890f', success rate: 1/1.
[2025-11-22 21:46:40Z INFO JobServerQueue] Try to append 1 batches web console lines for record '133d5eb0-b686-47b4-8816-f83385ea890f', success rate: 1/1.
[2025-11-22 21:46:45Z INFO HostContext] Well known directory 'Bin': 'C:\Users\matte\Repo\risk_analysis_app\actions-runner\bin'
[2025-11-22 21:46:45Z INFO HostContext] Well known directory 'Root': 'C:\Users\matte\Repo\risk_analysis_app\actions-runner'
[2025-11-22 21:46:45Z INFO HostContext] Well known directory 'Work': 'C:\Users\matte\Repo\risk_analysis_app\actions-runner\_work'
[2025-11-22 21:46:47Z INFO JobServerQueue] Try to append 1 batches web console lines for record '133d5eb0-b686-47b4-8816-f83385ea890f', success rate: 1/1.
[2025-11-22 21:46:48Z INFO JobServerQueue] Try to append 1 batches web console lines for record '133d5eb0-b686-47b4-8816-f83385ea890f', success rate: 1/1.
[2025-11-22 21:46:48Z INFO JobServerQueue] Try to append 1 batches web console lines for record '133d5eb0-b686-47b4-8816-f83385ea890f', success rate: 1/1.
[2025-11-22 21:46:48Z INFO JobServerQueue] Try to append 1 batches web console lines for record '133d5eb0-b686-47b4-8816-f83385ea890f', success rate: 1/1.
[2025-11-22 21:46:49Z INFO JobServerQueue] Try to append 1 batches web console lines for record '133d5eb0-b686-47b4-8816-f83385ea890f', success rate: 1/1.
[2025-11-22 21:46:49Z INFO JobServerQueue] Try to append 1 batches web console lines for record '133d5eb0-b686-47b4-8816-f83385ea890f', success rate: 1/1.
[2025-11-22 21:46:49Z INFO JobServerQueue] Try to append 1 batches web console lines for record '133d5eb0-b686-47b4-8816-f83385ea890f', success rate: 1/1.
[2025-11-22 21:46:50Z INFO JobServerQueue] Try to append 1 batches web console lines for record '133d5eb0-b686-47b4-8816-f83385ea890f', success rate: 1/1.
[2025-11-22 21:46:51Z INFO JobServerQueue] Try to append 1 batches web console lines for record '133d5eb0-b686-47b4-8816-f83385ea890f', success rate: 1/1.
[2025-11-22 21:46:51Z INFO ProcessInvokerWrapper] STDOUT/STDERR stream read finished.
[2025-11-22 21:46:51Z INFO ProcessInvokerWrapper] STDOUT/STDERR stream read finished.
[2025-11-22 21:46:51Z INFO ProcessInvokerWrapper] Finished process 23412 with exit code 0, and elapsed time 00:00:15.9426035.
[2025-11-22 21:46:51Z INFO CreateStepSummaryCommand] Step Summary file (C:\Users\matte\Repo\risk_analysis_app\actions-runner\_work\_temp\_runner_file_commands\step_summary_bad38307-080a-48e9-b63f-6b28c8444d7a) is empty; skipping attachment upload
[2025-11-22 21:46:51Z INFO StepsRunner] Step result: 
[2025-11-22 21:46:51Z INFO ExecutionContext] Publish step telemetry for current step {
  "action": "actions/checkout",
  "ref": "v4",
  "type": "node20",
  "stage": "Main",
  "stepId": "133d5eb0-b686-47b4-8816-f83385ea890f",
  "stepContextName": "__actions_checkout",
  "hasPreStep": false,
  "hasPostStep": true,
  "result": "succeeded",
  "errorMessages": [
    "no submodule mapping found in .gitmodules for path 'actions-runner/_work/risk_analysis_app/risk_analysis_app'",
    "Unable to clean or reset the repository. The repository will be recreated instead."
  ],
  "executionTimeInSeconds": 17,
  "startTime": "2025-11-22T21:46:35.0472878Z",
  "finishTime": "2025-11-22T21:46:51.1508279Z"
}.
[2025-11-22 21:46:51Z INFO StepsRunner] No need for updating job result with current step result 'Succeeded'.
[2025-11-22 21:46:51Z INFO StepsRunner] Current state: job state = ''
[2025-11-22 21:46:51Z INFO StepsRunner] Processing step: DisplayName='Print context'
[2025-11-22 21:46:51Z INFO StepsRunner] Evaluating: success()
[2025-11-22 21:46:51Z INFO StepsRunner] Result: true
[2025-11-22 21:46:51Z INFO StepsRunner] Starting the step.
[2025-11-22 21:46:51Z INFO HostContext] Well known directory 'Bin': 'C:\Users\matte\Repo\risk_analysis_app\actions-runner\bin'
[2025-11-22 21:46:51Z INFO HostContext] Well known directory 'Root': 'C:\Users\matte\Repo\risk_analysis_app\actions-runner'
[2025-11-22 21:46:51Z INFO HostContext] Well known directory 'Work': 'C:\Users\matte\Repo\risk_analysis_app\actions-runner\_work'
[2025-11-22 21:46:51Z INFO StepsRunner] Which2: 'chcp'
[2025-11-22 21:46:51Z INFO StepsRunner] Location: 'C:\WINDOWS\system32\chcp.COM'
[2025-11-22 21:46:51Z INFO ProcessInvokerWrapper] Starting process:
[2025-11-22 21:46:51Z INFO ProcessInvokerWrapper]   File name: 'C:\WINDOWS\system32\chcp.COM'
[2025-11-22 21:46:51Z INFO ProcessInvokerWrapper]   Arguments: '65001'
[2025-11-22 21:46:51Z INFO ProcessInvokerWrapper]   Working directory: 'C:\Users\matte\Repo\risk_analysis_app\actions-runner\_work'
[2025-11-22 21:46:51Z INFO ProcessInvokerWrapper]   Require exit code zero: 'False'
[2025-11-22 21:46:51Z INFO ProcessInvokerWrapper]   Encoding web name:  ; code page: ''
[2025-11-22 21:46:51Z INFO ProcessInvokerWrapper]   Force kill process on cancellation: 'False'
[2025-11-22 21:46:51Z INFO ProcessInvokerWrapper]   Redirected STDIN: 'False'
[2025-11-22 21:46:51Z INFO ProcessInvokerWrapper]   Persist current code page: 'True'
[2025-11-22 21:46:51Z INFO ProcessInvokerWrapper]   Keep redirected STDIN open: 'False'
[2025-11-22 21:46:51Z INFO ProcessInvokerWrapper]   High priority process: 'False'
[2025-11-22 21:46:51Z INFO ProcessInvokerWrapper] Process started with process id 19916, waiting for process exit.
[2025-11-22 21:46:51Z INFO ProcessInvokerWrapper] STDOUT/STDERR stream read finished.
[2025-11-22 21:46:51Z INFO ProcessInvokerWrapper] STDOUT/STDERR stream read finished.
[2025-11-22 21:46:51Z INFO ProcessInvokerWrapper] Finished process 19916 with exit code 0, and elapsed time 00:00:00.0136935.
[2025-11-22 21:46:51Z INFO StepsRunner] Successfully returned to code page 65001 (UTF8)
[2025-11-22 21:46:51Z INFO HostContext] Well known directory 'Bin': 'C:\Users\matte\Repo\risk_analysis_app\actions-runner\bin'
[2025-11-22 21:46:51Z INFO HostContext] Well known directory 'Root': 'C:\Users\matte\Repo\risk_analysis_app\actions-runner'
[2025-11-22 21:46:51Z INFO HostContext] Well known directory 'Work': 'C:\Users\matte\Repo\risk_analysis_app\actions-runner\_work'
[2025-11-22 21:46:51Z INFO HostContext] Well known directory 'Temp': 'C:\Users\matte\Repo\risk_analysis_app\actions-runner\_work\_temp'
[2025-11-22 21:46:51Z INFO ExecutionContext] Write event payload to C:\Users\matte\Repo\risk_analysis_app\actions-runner\_work\_temp\_github_workflow\event.json
[2025-11-22 21:46:51Z INFO HostContext] Well known directory 'Bin': 'C:\Users\matte\Repo\risk_analysis_app\actions-runner\bin'
[2025-11-22 21:46:51Z INFO HostContext] Well known directory 'Root': 'C:\Users\matte\Repo\risk_analysis_app\actions-runner'
[2025-11-22 21:46:51Z INFO HostContext] Well known directory 'Work': 'C:\Users\matte\Repo\risk_analysis_app\actions-runner\_work'
[2025-11-22 21:46:51Z INFO HostContext] Well known directory 'Temp': 'C:\Users\matte\Repo\risk_analysis_app\actions-runner\_work\_temp'
[2025-11-22 21:46:51Z INFO ExtensionManager] Getting extensions for interface: 'GitHub.Runner.Worker.IFileCommandExtension'
[2025-11-22 21:46:51Z INFO ExtensionManager] Getting extensions for interface: 'GitHub.Runner.Worker.IActionCommandExtension'
[2025-11-22 21:46:51Z INFO ActionCommandManager] Register action command extension for command internal-set-repo-path
[2025-11-22 21:46:51Z INFO ActionCommandManager] Register action command extension for command set-env
[2025-11-22 21:46:51Z INFO ActionCommandManager] Register action command extension for command set-output
[2025-11-22 21:46:51Z INFO ActionCommandManager] Register action command extension for command save-state
[2025-11-22 21:46:51Z INFO ActionCommandManager] Register action command extension for command add-path
[2025-11-22 21:46:51Z INFO ActionCommandManager] Register action command extension for command add-mask
[2025-11-22 21:46:51Z INFO ActionCommandManager] Register action command extension for command add-matcher
[2025-11-22 21:46:51Z INFO ActionCommandManager] Register action command extension for command remove-matcher
[2025-11-22 21:46:51Z INFO ActionCommandManager] Register action command extension for command warning
[2025-11-22 21:46:51Z INFO ActionCommandManager] Register action command extension for command error
[2025-11-22 21:46:51Z INFO ActionCommandManager] Register action command extension for command notice
[2025-11-22 21:46:51Z INFO ActionCommandManager] Register action command extension for command debug
[2025-11-22 21:46:51Z INFO ActionCommandManager] Register action command extension for command group
[2025-11-22 21:46:51Z INFO ActionCommandManager] Register action command extension for command endgroup
[2025-11-22 21:46:51Z INFO ActionCommandManager] Register action command extension for command echo
[2025-11-22 21:46:51Z INFO ScriptHandler] Which2: 'powershell'
[2025-11-22 21:46:51Z INFO ScriptHandler] Location: 'C:\WINDOWS\System32\WindowsPowerShell\v1.0\powershell.EXE'
[2025-11-22 21:46:51Z INFO HostContext] Well known directory 'Bin': 'C:\Users\matte\Repo\risk_analysis_app\actions-runner\bin'
[2025-11-22 21:46:51Z INFO HostContext] Well known directory 'Root': 'C:\Users\matte\Repo\risk_analysis_app\actions-runner'
[2025-11-22 21:46:51Z INFO HostContext] Well known directory 'Work': 'C:\Users\matte\Repo\risk_analysis_app\actions-runner\_work'
[2025-11-22 21:46:51Z INFO HostContext] Well known directory 'Temp': 'C:\Users\matte\Repo\risk_analysis_app\actions-runner\_work\_temp'
[2025-11-22 21:46:51Z INFO ScriptHandler] Which2: 'powershell'
[2025-11-22 21:46:51Z INFO ScriptHandler] Location: 'C:\WINDOWS\System32\WindowsPowerShell\v1.0\powershell.EXE'
[2025-11-22 21:46:51Z INFO ProcessInvokerWrapper] Starting process:
[2025-11-22 21:46:51Z INFO ProcessInvokerWrapper]   File name: 'C:\WINDOWS\System32\WindowsPowerShell\v1.0\powershell.EXE'
[2025-11-22 21:46:51Z INFO ProcessInvokerWrapper]   Arguments: '-command ". 'C:\Users\matte\Repo\risk_analysis_app\actions-runner\_work\_temp\a2e5a536-9ff5-4754-a3ae-aacfd65199c1.ps1'"'
[2025-11-22 21:46:51Z INFO ProcessInvokerWrapper]   Working directory: 'C:\Users\matte\Repo\risk_analysis_app\actions-runner\_work\risk_analysis_app\risk_analysis_app'
[2025-11-22 21:46:51Z INFO ProcessInvokerWrapper]   Require exit code zero: 'False'
[2025-11-22 21:46:51Z INFO ProcessInvokerWrapper]   Encoding web name:  ; code page: ''
[2025-11-22 21:46:51Z INFO ProcessInvokerWrapper]   Force kill process on cancellation: 'False'
[2025-11-22 21:46:51Z INFO ProcessInvokerWrapper]   Redirected STDIN: 'False'
[2025-11-22 21:46:51Z INFO ProcessInvokerWrapper]   Persist current code page: 'True'
[2025-11-22 21:46:51Z INFO ProcessInvokerWrapper]   Keep redirected STDIN open: 'False'
[2025-11-22 21:46:51Z INFO ProcessInvokerWrapper]   High priority process: 'False'
[2025-11-22 21:46:51Z INFO ProcessInvokerWrapper] Process started with process id 9800, waiting for process exit.
[2025-11-22 21:46:51Z INFO JobServerQueue] Try to append 1 batches web console lines for record '133d5eb0-b686-47b4-8816-f83385ea890f', success rate: 1/1.
[2025-11-22 21:46:51Z INFO JobServerQueue] Try to append 1 batches web console lines for record '5098bc96-7080-437e-aee2-939093d9b62c', success rate: 1/1.
[2025-11-22 21:46:51Z INFO JobServerQueue] Got a step log file to send to results service.
[2025-11-22 21:46:51Z INFO JobServerQueue] Starting upload of step log file to results service ResultsLog, C:\Users\matte\Repo\risk_analysis_app\actions-runner\_diag\blocks\d041d6ab-482f-44e0-98c5-5e32071cddc9_133d5eb0-b686-47b4-8816-f83385ea890f.1
[2025-11-22 21:46:51Z INFO JobServerQueue] Try to upload 1 log files or attachments, success rate: 1/1.
[2025-11-22 21:46:52Z INFO JobServerQueue] Tried to upload 1 file(s) to results, success rate: 1/1.
[2025-11-22 21:46:52Z INFO ProcessInvokerWrapper] STDOUT/STDERR stream read finished.
[2025-11-22 21:46:52Z INFO ProcessInvokerWrapper] STDOUT/STDERR stream read finished.
[2025-11-22 21:46:52Z INFO ProcessInvokerWrapper] Finished process 9800 with exit code 0, and elapsed time 00:00:01.6940655.
[2025-11-22 21:46:52Z INFO CreateStepSummaryCommand] Step Summary file (C:\Users\matte\Repo\risk_analysis_app\actions-runner\_work\_temp\_runner_file_commands\step_summary_48138292-f3be-4226-91ce-62e27f5ede4a) is empty; skipping attachment upload
[2025-11-22 21:46:52Z INFO StepsRunner] Step result: 
[2025-11-22 21:46:52Z INFO ExecutionContext] Publish step telemetry for current step {
  "action": "powershell",
  "type": "run",
  "stage": "Main",
  "stepId": "5098bc96-7080-437e-aee2-939093d9b62c",
  "stepContextName": "__run",
  "result": "succeeded",
  "errorMessages": [],
  "executionTimeInSeconds": 2,
  "startTime": "2025-11-22T21:46:51.1531522Z",
  "finishTime": "2025-11-22T21:46:52.8863567Z"
}.
[2025-11-22 21:46:52Z INFO StepsRunner] No need for updating job result with current step result 'Succeeded'.
[2025-11-22 21:46:52Z INFO StepsRunner] Current state: job state = ''
[2025-11-22 21:46:52Z INFO StepsRunner] Processing step: DisplayName='Ensure runtime-data clone exists (self-healing)'
[2025-11-22 21:46:52Z INFO StepsRunner] Evaluating: success()
[2025-11-22 21:46:52Z INFO StepsRunner] Result: true
[2025-11-22 21:46:52Z INFO StepsRunner] Starting the step.
[2025-11-22 21:46:52Z INFO HostContext] Well known directory 'Bin': 'C:\Users\matte\Repo\risk_analysis_app\actions-runner\bin'
[2025-11-22 21:46:52Z INFO HostContext] Well known directory 'Root': 'C:\Users\matte\Repo\risk_analysis_app\actions-runner'
[2025-11-22 21:46:52Z INFO HostContext] Well known directory 'Work': 'C:\Users\matte\Repo\risk_analysis_app\actions-runner\_work'
[2025-11-22 21:46:52Z INFO StepsRunner] Which2: 'chcp'
[2025-11-22 21:46:52Z INFO StepsRunner] Location: 'C:\WINDOWS\system32\chcp.COM'
[2025-11-22 21:46:52Z INFO ProcessInvokerWrapper] Starting process:
[2025-11-22 21:46:52Z INFO ProcessInvokerWrapper]   File name: 'C:\WINDOWS\system32\chcp.COM'
[2025-11-22 21:46:52Z INFO ProcessInvokerWrapper]   Arguments: '65001'
[2025-11-22 21:46:52Z INFO ProcessInvokerWrapper]   Working directory: 'C:\Users\matte\Repo\risk_analysis_app\actions-runner\_work'
[2025-11-22 21:46:52Z INFO ProcessInvokerWrapper]   Require exit code zero: 'False'
[2025-11-22 21:46:52Z INFO ProcessInvokerWrapper]   Encoding web name:  ; code page: ''
[2025-11-22 21:46:52Z INFO ProcessInvokerWrapper]   Force kill process on cancellation: 'False'
[2025-11-22 21:46:52Z INFO ProcessInvokerWrapper]   Redirected STDIN: 'False'
[2025-11-22 21:46:52Z INFO ProcessInvokerWrapper]   Persist current code page: 'True'
[2025-11-22 21:46:52Z INFO ProcessInvokerWrapper]   Keep redirected STDIN open: 'False'
[2025-11-22 21:46:52Z INFO ProcessInvokerWrapper]   High priority process: 'False'
[2025-11-22 21:46:52Z INFO ProcessInvokerWrapper] Process started with process id 488, waiting for process exit.
[2025-11-22 21:46:52Z INFO ProcessInvokerWrapper] STDOUT/STDERR stream read finished.
[2025-11-22 21:46:52Z INFO ProcessInvokerWrapper] STDOUT/STDERR stream read finished.
[2025-11-22 21:46:52Z INFO ProcessInvokerWrapper] Finished process 488 with exit code 0, and elapsed time 00:00:00.0166327.
[2025-11-22 21:46:52Z INFO StepsRunner] Successfully returned to code page 65001 (UTF8)
[2025-11-22 21:46:52Z INFO HostContext] Well known directory 'Bin': 'C:\Users\matte\Repo\risk_analysis_app\actions-runner\bin'
[2025-11-22 21:46:52Z INFO HostContext] Well known directory 'Root': 'C:\Users\matte\Repo\risk_analysis_app\actions-runner'
[2025-11-22 21:46:52Z INFO HostContext] Well known directory 'Work': 'C:\Users\matte\Repo\risk_analysis_app\actions-runner\_work'
[2025-11-22 21:46:52Z INFO HostContext] Well known directory 'Temp': 'C:\Users\matte\Repo\risk_analysis_app\actions-runner\_work\_temp'
[2025-11-22 21:46:52Z INFO ExecutionContext] Write event payload to C:\Users\matte\Repo\risk_analysis_app\actions-runner\_work\_temp\_github_workflow\event.json
[2025-11-22 21:46:52Z INFO HostContext] Well known directory 'Bin': 'C:\Users\matte\Repo\risk_analysis_app\actions-runner\bin'
[2025-11-22 21:46:52Z INFO HostContext] Well known directory 'Root': 'C:\Users\matte\Repo\risk_analysis_app\actions-runner'
[2025-11-22 21:46:52Z INFO HostContext] Well known directory 'Work': 'C:\Users\matte\Repo\risk_analysis_app\actions-runner\_work'
[2025-11-22 21:46:52Z INFO HostContext] Well known directory 'Temp': 'C:\Users\matte\Repo\risk_analysis_app\actions-runner\_work\_temp'
[2025-11-22 21:46:52Z INFO ExtensionManager] Getting extensions for interface: 'GitHub.Runner.Worker.IFileCommandExtension'
[2025-11-22 21:46:52Z INFO ExtensionManager] Getting extensions for interface: 'GitHub.Runner.Worker.IActionCommandExtension'
[2025-11-22 21:46:52Z INFO ActionCommandManager] Register action command extension for command internal-set-repo-path
[2025-11-22 21:46:52Z INFO ActionCommandManager] Register action command extension for command set-env
[2025-11-22 21:46:52Z INFO ActionCommandManager] Register action command extension for command set-output
[2025-11-22 21:46:52Z INFO ActionCommandManager] Register action command extension for command save-state
[2025-11-22 21:46:52Z INFO ActionCommandManager] Register action command extension for command add-path
[2025-11-22 21:46:52Z INFO ActionCommandManager] Register action command extension for command add-mask
[2025-11-22 21:46:52Z INFO ActionCommandManager] Register action command extension for command add-matcher
[2025-11-22 21:46:52Z INFO ActionCommandManager] Register action command extension for command remove-matcher
[2025-11-22 21:46:52Z INFO ActionCommandManager] Register action command extension for command warning
[2025-11-22 21:46:52Z INFO ActionCommandManager] Register action command extension for command error
[2025-11-22 21:46:52Z INFO ActionCommandManager] Register action command extension for command notice
[2025-11-22 21:46:52Z INFO ActionCommandManager] Register action command extension for command debug
[2025-11-22 21:46:52Z INFO ActionCommandManager] Register action command extension for command group
[2025-11-22 21:46:52Z INFO ActionCommandManager] Register action command extension for command endgroup
[2025-11-22 21:46:52Z INFO ActionCommandManager] Register action command extension for command echo
[2025-11-22 21:46:52Z INFO ScriptHandler] Which2: 'powershell'
[2025-11-22 21:46:52Z INFO ScriptHandler] Location: 'C:\WINDOWS\System32\WindowsPowerShell\v1.0\powershell.EXE'
[2025-11-22 21:46:52Z INFO HostContext] Well known directory 'Bin': 'C:\Users\matte\Repo\risk_analysis_app\actions-runner\bin'
[2025-11-22 21:46:52Z INFO HostContext] Well known directory 'Root': 'C:\Users\matte\Repo\risk_analysis_app\actions-runner'
[2025-11-22 21:46:52Z INFO HostContext] Well known directory 'Work': 'C:\Users\matte\Repo\risk_analysis_app\actions-runner\_work'
[2025-11-22 21:46:52Z INFO HostContext] Well known directory 'Temp': 'C:\Users\matte\Repo\risk_analysis_app\actions-runner\_work\_temp'
[2025-11-22 21:46:52Z INFO ScriptHandler] Which2: 'powershell'
[2025-11-22 21:46:52Z INFO ScriptHandler] Location: 'C:\WINDOWS\System32\WindowsPowerShell\v1.0\powershell.EXE'
[2025-11-22 21:46:52Z INFO ProcessInvokerWrapper] Starting process:
[2025-11-22 21:46:52Z INFO ProcessInvokerWrapper]   File name: 'C:\WINDOWS\System32\WindowsPowerShell\v1.0\powershell.EXE'
[2025-11-22 21:46:52Z INFO ProcessInvokerWrapper]   Arguments: '-command ". 'C:\Users\matte\Repo\risk_analysis_app\actions-runner\_work\_temp\f17c1828-e7d4-44b6-a3c2-52e32cecff3d.ps1'"'
[2025-11-22 21:46:52Z INFO ProcessInvokerWrapper]   Working directory: 'C:\Users\matte\Repo\risk_analysis_app\actions-runner\_work\risk_analysis_app\risk_analysis_app'
[2025-11-22 21:46:52Z INFO ProcessInvokerWrapper]   Require exit code zero: 'False'
[2025-11-22 21:46:52Z INFO ProcessInvokerWrapper]   Encoding web name:  ; code page: ''
[2025-11-22 21:46:52Z INFO ProcessInvokerWrapper]   Force kill process on cancellation: 'False'
[2025-11-22 21:46:52Z INFO ProcessInvokerWrapper]   Redirected STDIN: 'False'
[2025-11-22 21:46:52Z INFO ProcessInvokerWrapper]   Persist current code page: 'True'
[2025-11-22 21:46:52Z INFO ProcessInvokerWrapper]   Keep redirected STDIN open: 'False'
[2025-11-22 21:46:52Z INFO ProcessInvokerWrapper]   High priority process: 'False'
[2025-11-22 21:46:52Z INFO ProcessInvokerWrapper] Process started with process id 22160, waiting for process exit.
[2025-11-22 21:46:53Z INFO JobServerQueue] Try to append 1 batches web console lines for record '5098bc96-7080-437e-aee2-939093d9b62c', success rate: 1/1.
[2025-11-22 21:46:53Z INFO JobServerQueue] Try to append 1 batches web console lines for record '407c81a4-ce45-422b-ac98-e9cfb62f20d8', success rate: 1/1.
[2025-11-22 21:46:53Z INFO JobServerQueue] Got a step log file to send to results service.
[2025-11-22 21:46:53Z INFO JobServerQueue] Starting upload of step log file to results service ResultsLog, C:\Users\matte\Repo\risk_analysis_app\actions-runner\_diag\blocks\d041d6ab-482f-44e0-98c5-5e32071cddc9_5098bc96-7080-437e-aee2-939093d9b62c.1
[2025-11-22 21:46:53Z INFO JobServerQueue] Tried to upload 1 file(s) to results, success rate: 1/1.
[2025-11-22 21:46:53Z INFO JobServerQueue] Try to upload 1 log files or attachments, success rate: 1/1.
[2025-11-22 21:46:54Z INFO ProcessInvokerWrapper] STDOUT/STDERR stream read finished.
[2025-11-22 21:46:54Z INFO ProcessInvokerWrapper] STDOUT/STDERR stream read finished.
[2025-11-22 21:46:54Z INFO ProcessInvokerWrapper] Finished process 22160 with exit code 0, and elapsed time 00:00:01.3291726.
[2025-11-22 21:46:54Z INFO CreateStepSummaryCommand] Step Summary file (C:\Users\matte\Repo\risk_analysis_app\actions-runner\_work\_temp\_runner_file_commands\step_summary_74ce04ce-42cd-4def-a2a5-32e011b94149) is empty; skipping attachment upload
[2025-11-22 21:46:54Z INFO StepsRunner] Step result: 
[2025-11-22 21:46:54Z INFO ExecutionContext] Publish step telemetry for current step {
  "action": "powershell",
  "type": "run",
  "stage": "Main",
  "stepId": "407c81a4-ce45-422b-ac98-e9cfb62f20d8",
  "stepContextName": "__run_2",
  "result": "succeeded",
  "errorMessages": [],
  "executionTimeInSeconds": 2,
  "startTime": "2025-11-22T21:46:52.8876763Z",
  "finishTime": "2025-11-22T21:46:54.2563224Z"
}.
[2025-11-22 21:46:54Z INFO StepsRunner] No need for updating job result with current step result 'Succeeded'.
[2025-11-22 21:46:54Z INFO StepsRunner] Current state: job state = ''
[2025-11-22 21:46:54Z INFO StepsRunner] Processing step: DisplayName='Update runtime-data from origin/main'
[2025-11-22 21:46:54Z INFO StepsRunner] Evaluating: success()
[2025-11-22 21:46:54Z INFO StepsRunner] Result: true
[2025-11-22 21:46:54Z INFO StepsRunner] Starting the step.
[2025-11-22 21:46:54Z INFO HostContext] Well known directory 'Bin': 'C:\Users\matte\Repo\risk_analysis_app\actions-runner\bin'
[2025-11-22 21:46:54Z INFO HostContext] Well known directory 'Root': 'C:\Users\matte\Repo\risk_analysis_app\actions-runner'
[2025-11-22 21:46:54Z INFO HostContext] Well known directory 'Work': 'C:\Users\matte\Repo\risk_analysis_app\actions-runner\_work'
[2025-11-22 21:46:54Z INFO StepsRunner] Which2: 'chcp'
[2025-11-22 21:46:54Z INFO StepsRunner] Location: 'C:\WINDOWS\system32\chcp.COM'
[2025-11-22 21:46:54Z INFO ProcessInvokerWrapper] Starting process:
[2025-11-22 21:46:54Z INFO ProcessInvokerWrapper]   File name: 'C:\WINDOWS\system32\chcp.COM'
[2025-11-22 21:46:54Z INFO ProcessInvokerWrapper]   Arguments: '65001'
[2025-11-22 21:46:54Z INFO ProcessInvokerWrapper]   Working directory: 'C:\Users\matte\Repo\risk_analysis_app\actions-runner\_work'
[2025-11-22 21:46:54Z INFO ProcessInvokerWrapper]   Require exit code zero: 'False'
[2025-11-22 21:46:54Z INFO ProcessInvokerWrapper]   Encoding web name:  ; code page: ''
[2025-11-22 21:46:54Z INFO ProcessInvokerWrapper]   Force kill process on cancellation: 'False'
[2025-11-22 21:46:54Z INFO ProcessInvokerWrapper]   Redirected STDIN: 'False'
[2025-11-22 21:46:54Z INFO ProcessInvokerWrapper]   Persist current code page: 'True'
[2025-11-22 21:46:54Z INFO ProcessInvokerWrapper]   Keep redirected STDIN open: 'False'
[2025-11-22 21:46:54Z INFO ProcessInvokerWrapper]   High priority process: 'False'
[2025-11-22 21:46:54Z INFO ProcessInvokerWrapper] Process started with process id 3920, waiting for process exit.
[2025-11-22 21:46:54Z INFO ProcessInvokerWrapper] STDOUT/STDERR stream read finished.
[2025-11-22 21:46:54Z INFO ProcessInvokerWrapper] STDOUT/STDERR stream read finished.
[2025-11-22 21:46:54Z INFO ProcessInvokerWrapper] Finished process 3920 with exit code 0, and elapsed time 00:00:00.0242868.
[2025-11-22 21:46:54Z INFO StepsRunner] Successfully returned to code page 65001 (UTF8)
[2025-11-22 21:46:54Z INFO HostContext] Well known directory 'Bin': 'C:\Users\matte\Repo\risk_analysis_app\actions-runner\bin'
[2025-11-22 21:46:54Z INFO HostContext] Well known directory 'Root': 'C:\Users\matte\Repo\risk_analysis_app\actions-runner'
[2025-11-22 21:46:54Z INFO HostContext] Well known directory 'Work': 'C:\Users\matte\Repo\risk_analysis_app\actions-runner\_work'
[2025-11-22 21:46:54Z INFO HostContext] Well known directory 'Temp': 'C:\Users\matte\Repo\risk_analysis_app\actions-runner\_work\_temp'
[2025-11-22 21:46:54Z INFO ExecutionContext] Write event payload to C:\Users\matte\Repo\risk_analysis_app\actions-runner\_work\_temp\_github_workflow\event.json
[2025-11-22 21:46:54Z INFO HostContext] Well known directory 'Bin': 'C:\Users\matte\Repo\risk_analysis_app\actions-runner\bin'
[2025-11-22 21:46:54Z INFO HostContext] Well known directory 'Root': 'C:\Users\matte\Repo\risk_analysis_app\actions-runner'
[2025-11-22 21:46:54Z INFO HostContext] Well known directory 'Work': 'C:\Users\matte\Repo\risk_analysis_app\actions-runner\_work'
[2025-11-22 21:46:54Z INFO HostContext] Well known directory 'Temp': 'C:\Users\matte\Repo\risk_analysis_app\actions-runner\_work\_temp'
[2025-11-22 21:46:54Z INFO ExtensionManager] Getting extensions for interface: 'GitHub.Runner.Worker.IFileCommandExtension'
[2025-11-22 21:46:54Z INFO ExtensionManager] Getting extensions for interface: 'GitHub.Runner.Worker.IActionCommandExtension'
[2025-11-22 21:46:54Z INFO ActionCommandManager] Register action command extension for command internal-set-repo-path
[2025-11-22 21:46:54Z INFO ActionCommandManager] Register action command extension for command set-env
[2025-11-22 21:46:54Z INFO ActionCommandManager] Register action command extension for command set-output
[2025-11-22 21:46:54Z INFO ActionCommandManager] Register action command extension for command save-state
[2025-11-22 21:46:54Z INFO ActionCommandManager] Register action command extension for command add-path
[2025-11-22 21:46:54Z INFO ActionCommandManager] Register action command extension for command add-mask
[2025-11-22 21:46:54Z INFO ActionCommandManager] Register action command extension for command add-matcher
[2025-11-22 21:46:54Z INFO ActionCommandManager] Register action command extension for command remove-matcher
[2025-11-22 21:46:54Z INFO ActionCommandManager] Register action command extension for command warning
[2025-11-22 21:46:54Z INFO ActionCommandManager] Register action command extension for command error
[2025-11-22 21:46:54Z INFO ActionCommandManager] Register action command extension for command notice
[2025-11-22 21:46:54Z INFO ActionCommandManager] Register action command extension for command debug
[2025-11-22 21:46:54Z INFO ActionCommandManager] Register action command extension for command group
[2025-11-22 21:46:54Z INFO ActionCommandManager] Register action command extension for command endgroup
[2025-11-22 21:46:54Z INFO ActionCommandManager] Register action command extension for command echo
[2025-11-22 21:46:54Z INFO ScriptHandler] Which2: 'powershell'
[2025-11-22 21:46:54Z INFO ScriptHandler] Location: 'C:\WINDOWS\System32\WindowsPowerShell\v1.0\powershell.EXE'
[2025-11-22 21:46:54Z INFO HostContext] Well known directory 'Bin': 'C:\Users\matte\Repo\risk_analysis_app\actions-runner\bin'
[2025-11-22 21:46:54Z INFO HostContext] Well known directory 'Root': 'C:\Users\matte\Repo\risk_analysis_app\actions-runner'
[2025-11-22 21:46:54Z INFO HostContext] Well known directory 'Work': 'C:\Users\matte\Repo\risk_analysis_app\actions-runner\_work'
[2025-11-22 21:46:54Z INFO HostContext] Well known directory 'Temp': 'C:\Users\matte\Repo\risk_analysis_app\actions-runner\_work\_temp'
[2025-11-22 21:46:54Z INFO ScriptHandler] Which2: 'powershell'
[2025-11-22 21:46:54Z INFO ScriptHandler] Location: 'C:\WINDOWS\System32\WindowsPowerShell\v1.0\powershell.EXE'
[2025-11-22 21:46:54Z INFO ProcessInvokerWrapper] Starting process:
[2025-11-22 21:46:54Z INFO ProcessInvokerWrapper]   File name: 'C:\WINDOWS\System32\WindowsPowerShell\v1.0\powershell.EXE'
[2025-11-22 21:46:54Z INFO ProcessInvokerWrapper]   Arguments: '-command ". 'C:\Users\matte\Repo\risk_analysis_app\actions-runner\_work\_temp\8789e940-0efb-44b3-9e59-93f0b298ddd0.ps1'"'
[2025-11-22 21:46:54Z INFO ProcessInvokerWrapper]   Working directory: 'C:\Users\matte\Repo\risk_analysis_app\actions-runner\_work\risk_analysis_app\risk_analysis_app'
[2025-11-22 21:46:54Z INFO ProcessInvokerWrapper]   Require exit code zero: 'False'
[2025-11-22 21:46:54Z INFO ProcessInvokerWrapper]   Encoding web name:  ; code page: ''
[2025-11-22 21:46:54Z INFO ProcessInvokerWrapper]   Force kill process on cancellation: 'False'
[2025-11-22 21:46:54Z INFO ProcessInvokerWrapper]   Redirected STDIN: 'False'
[2025-11-22 21:46:54Z INFO ProcessInvokerWrapper]   Persist current code page: 'True'
[2025-11-22 21:46:54Z INFO ProcessInvokerWrapper]   Keep redirected STDIN open: 'False'
[2025-11-22 21:46:54Z INFO ProcessInvokerWrapper]   High priority process: 'False'
[2025-11-22 21:46:54Z INFO ProcessInvokerWrapper] Process started with process id 23184, waiting for process exit.
[2025-11-22 21:46:54Z INFO JobServerQueue] Try to append 1 batches web console lines for record '9719e88a-ec2d-4f57-a6c3-e8ad4b731b47', success rate: 1/1.
[2025-11-22 21:46:54Z INFO JobServerQueue] Got a step log file to send to results service.
[2025-11-22 21:46:54Z INFO JobServerQueue] Starting upload of step log file to results service ResultsLog, C:\Users\matte\Repo\risk_analysis_app\actions-runner\_diag\blocks\d041d6ab-482f-44e0-98c5-5e32071cddc9_407c81a4-ce45-422b-ac98-e9cfb62f20d8.1
[2025-11-22 21:46:54Z INFO JobServerQueue] Try to upload 1 log files or attachments, success rate: 1/1.
[2025-11-22 21:46:54Z INFO JobServerQueue] Tried to upload 1 file(s) to results, success rate: 1/1.
[2025-11-22 21:46:55Z INFO HostContext] Well known directory 'Bin': 'C:\Users\matte\Repo\risk_analysis_app\actions-runner\bin'
[2025-11-22 21:46:55Z INFO HostContext] Well known directory 'Root': 'C:\Users\matte\Repo\risk_analysis_app\actions-runner'
[2025-11-22 21:46:55Z INFO HostContext] Well known directory 'Work': 'C:\Users\matte\Repo\risk_analysis_app\actions-runner\_work'
[2025-11-22 21:46:56Z INFO JobServerQueue] Try to append 1 batches web console lines for record '9719e88a-ec2d-4f57-a6c3-e8ad4b731b47', success rate: 1/1.
[2025-11-22 21:46:56Z INFO ProcessInvokerWrapper] STDOUT/STDERR stream read finished.
[2025-11-22 21:46:56Z INFO ProcessInvokerWrapper] STDOUT/STDERR stream read finished.
[2025-11-22 21:46:56Z INFO ProcessInvokerWrapper] Finished process 23184 with exit code 0, and elapsed time 00:00:02.6694043.
[2025-11-22 21:46:56Z INFO CreateStepSummaryCommand] Step Summary file (C:\Users\matte\Repo\risk_analysis_app\actions-runner\_work\_temp\_runner_file_commands\step_summary_31159059-85f1-4d65-afe1-2ab2a75abc34) is empty; skipping attachment upload
[2025-11-22 21:46:56Z INFO StepsRunner] Step result: 
[2025-11-22 21:46:56Z INFO ExecutionContext] Publish step telemetry for current step {
  "action": "powershell",
  "type": "run",
  "stage": "Main",
  "stepId": "9719e88a-ec2d-4f57-a6c3-e8ad4b731b47",
  "stepContextName": "__run_3",
  "result": "succeeded",
  "errorMessages": [],
  "executionTimeInSeconds": 3,
  "startTime": "2025-11-22T21:46:54.2581173Z",
  "finishTime": "2025-11-22T21:46:56.9867024Z"
}.
[2025-11-22 21:46:56Z INFO StepsRunner] No need for updating job result with current step result 'Succeeded'.
[2025-11-22 21:46:56Z INFO StepsRunner] Current state: job state = ''
[2025-11-22 21:46:56Z INFO StepsRunner] Processing step: DisplayName='Sync repo config/data/ldp into runtime-data'
[2025-11-22 21:46:56Z INFO StepsRunner] Evaluating: success()
[2025-11-22 21:46:56Z INFO StepsRunner] Result: true
[2025-11-22 21:46:56Z INFO StepsRunner] Starting the step.
[2025-11-22 21:46:56Z INFO HostContext] Well known directory 'Bin': 'C:\Users\matte\Repo\risk_analysis_app\actions-runner\bin'
[2025-11-22 21:46:56Z INFO HostContext] Well known directory 'Root': 'C:\Users\matte\Repo\risk_analysis_app\actions-runner'
[2025-11-22 21:46:56Z INFO HostContext] Well known directory 'Work': 'C:\Users\matte\Repo\risk_analysis_app\actions-runner\_work'
[2025-11-22 21:46:56Z INFO StepsRunner] Which2: 'chcp'
[2025-11-22 21:46:56Z INFO StepsRunner] Location: 'C:\WINDOWS\system32\chcp.COM'
[2025-11-22 21:46:56Z INFO ProcessInvokerWrapper] Starting process:
[2025-11-22 21:46:56Z INFO ProcessInvokerWrapper]   File name: 'C:\WINDOWS\system32\chcp.COM'
[2025-11-22 21:46:56Z INFO ProcessInvokerWrapper]   Arguments: '65001'
[2025-11-22 21:46:56Z INFO ProcessInvokerWrapper]   Working directory: 'C:\Users\matte\Repo\risk_analysis_app\actions-runner\_work'
[2025-11-22 21:46:56Z INFO ProcessInvokerWrapper]   Require exit code zero: 'False'
[2025-11-22 21:46:56Z INFO ProcessInvokerWrapper]   Encoding web name:  ; code page: ''
[2025-11-22 21:46:56Z INFO ProcessInvokerWrapper]   Force kill process on cancellation: 'False'
[2025-11-22 21:46:56Z INFO ProcessInvokerWrapper]   Redirected STDIN: 'False'
[2025-11-22 21:46:56Z INFO ProcessInvokerWrapper]   Persist current code page: 'True'
[2025-11-22 21:46:56Z INFO ProcessInvokerWrapper]   Keep redirected STDIN open: 'False'
[2025-11-22 21:46:56Z INFO ProcessInvokerWrapper]   High priority process: 'False'
[2025-11-22 21:46:56Z INFO ProcessInvokerWrapper] Process started with process id 1736, waiting for process exit.
[2025-11-22 21:46:57Z INFO ProcessInvokerWrapper] STDOUT/STDERR stream read finished.
[2025-11-22 21:46:57Z INFO ProcessInvokerWrapper] STDOUT/STDERR stream read finished.
[2025-11-22 21:46:57Z INFO ProcessInvokerWrapper] Finished process 1736 with exit code 0, and elapsed time 00:00:00.0121893.
[2025-11-22 21:46:57Z INFO StepsRunner] Successfully returned to code page 65001 (UTF8)
[2025-11-22 21:46:57Z INFO HostContext] Well known directory 'Bin': 'C:\Users\matte\Repo\risk_analysis_app\actions-runner\bin'
[2025-11-22 21:46:57Z INFO HostContext] Well known directory 'Root': 'C:\Users\matte\Repo\risk_analysis_app\actions-runner'
[2025-11-22 21:46:57Z INFO HostContext] Well known directory 'Work': 'C:\Users\matte\Repo\risk_analysis_app\actions-runner\_work'
[2025-11-22 21:46:57Z INFO HostContext] Well known directory 'Temp': 'C:\Users\matte\Repo\risk_analysis_app\actions-runner\_work\_temp'
[2025-11-22 21:46:57Z INFO ExecutionContext] Write event payload to C:\Users\matte\Repo\risk_analysis_app\actions-runner\_work\_temp\_github_workflow\event.json
[2025-11-22 21:46:57Z INFO HostContext] Well known directory 'Bin': 'C:\Users\matte\Repo\risk_analysis_app\actions-runner\bin'
[2025-11-22 21:46:57Z INFO HostContext] Well known directory 'Root': 'C:\Users\matte\Repo\risk_analysis_app\actions-runner'
[2025-11-22 21:46:57Z INFO HostContext] Well known directory 'Work': 'C:\Users\matte\Repo\risk_analysis_app\actions-runner\_work'
[2025-11-22 21:46:57Z INFO HostContext] Well known directory 'Temp': 'C:\Users\matte\Repo\risk_analysis_app\actions-runner\_work\_temp'
[2025-11-22 21:46:57Z INFO ExtensionManager] Getting extensions for interface: 'GitHub.Runner.Worker.IFileCommandExtension'
[2025-11-22 21:46:57Z INFO ExtensionManager] Getting extensions for interface: 'GitHub.Runner.Worker.IActionCommandExtension'
[2025-11-22 21:46:57Z INFO ActionCommandManager] Register action command extension for command internal-set-repo-path
[2025-11-22 21:46:57Z INFO ActionCommandManager] Register action command extension for command set-env
[2025-11-22 21:46:57Z INFO ActionCommandManager] Register action command extension for command set-output
[2025-11-22 21:46:57Z INFO ActionCommandManager] Register action command extension for command save-state
[2025-11-22 21:46:57Z INFO ActionCommandManager] Register action command extension for command add-path
[2025-11-22 21:46:57Z INFO ActionCommandManager] Register action command extension for command add-mask
[2025-11-22 21:46:57Z INFO ActionCommandManager] Register action command extension for command add-matcher
[2025-11-22 21:46:57Z INFO ActionCommandManager] Register action command extension for command remove-matcher
[2025-11-22 21:46:57Z INFO ActionCommandManager] Register action command extension for command warning
[2025-11-22 21:46:57Z INFO ActionCommandManager] Register action command extension for command error
[2025-11-22 21:46:57Z INFO ActionCommandManager] Register action command extension for command notice
[2025-11-22 21:46:57Z INFO ActionCommandManager] Register action command extension for command debug
[2025-11-22 21:46:57Z INFO ActionCommandManager] Register action command extension for command group
[2025-11-22 21:46:57Z INFO ActionCommandManager] Register action command extension for command endgroup
[2025-11-22 21:46:57Z INFO ActionCommandManager] Register action command extension for command echo
[2025-11-22 21:46:57Z INFO JobServerQueue] Got a step log file to send to results service.
[2025-11-22 21:46:57Z INFO JobServerQueue] Starting upload of step log file to results service ResultsLog, C:\Users\matte\Repo\risk_analysis_app\actions-runner\_diag\blocks\d041d6ab-482f-44e0-98c5-5e32071cddc9_9719e88a-ec2d-4f57-a6c3-e8ad4b731b47.1
[2025-11-22 21:46:57Z INFO ScriptHandler] Which2: 'powershell'
[2025-11-22 21:46:57Z INFO ScriptHandler] Location: 'C:\WINDOWS\System32\WindowsPowerShell\v1.0\powershell.EXE'
[2025-11-22 21:46:57Z INFO HostContext] Well known directory 'Bin': 'C:\Users\matte\Repo\risk_analysis_app\actions-runner\bin'
[2025-11-22 21:46:57Z INFO HostContext] Well known directory 'Root': 'C:\Users\matte\Repo\risk_analysis_app\actions-runner'
[2025-11-22 21:46:57Z INFO HostContext] Well known directory 'Work': 'C:\Users\matte\Repo\risk_analysis_app\actions-runner\_work'
[2025-11-22 21:46:57Z INFO HostContext] Well known directory 'Temp': 'C:\Users\matte\Repo\risk_analysis_app\actions-runner\_work\_temp'
[2025-11-22 21:46:57Z INFO ScriptHandler] Which2: 'powershell'
[2025-11-22 21:46:57Z INFO ScriptHandler] Location: 'C:\WINDOWS\System32\WindowsPowerShell\v1.0\powershell.EXE'
[2025-11-22 21:46:57Z INFO ProcessInvokerWrapper] Starting process:
[2025-11-22 21:46:57Z INFO ProcessInvokerWrapper]   File name: 'C:\WINDOWS\System32\WindowsPowerShell\v1.0\powershell.EXE'
[2025-11-22 21:46:57Z INFO ProcessInvokerWrapper]   Arguments: '-command ". 'C:\Users\matte\Repo\risk_analysis_app\actions-runner\_work\_temp\5b4f3069-9425-4bb3-a05f-594a4ea9043c.ps1'"'
[2025-11-22 21:46:57Z INFO ProcessInvokerWrapper]   Working directory: 'C:\Users\matte\Repo\risk_analysis_app\actions-runner\_work\risk_analysis_app\risk_analysis_app'
[2025-11-22 21:46:57Z INFO ProcessInvokerWrapper]   Require exit code zero: 'False'
[2025-11-22 21:46:57Z INFO ProcessInvokerWrapper]   Encoding web name:  ; code page: ''
[2025-11-22 21:46:57Z INFO ProcessInvokerWrapper]   Force kill process on cancellation: 'False'
[2025-11-22 21:46:57Z INFO ProcessInvokerWrapper]   Redirected STDIN: 'False'
[2025-11-22 21:46:57Z INFO ProcessInvokerWrapper]   Persist current code page: 'True'
[2025-11-22 21:46:57Z INFO ProcessInvokerWrapper]   Keep redirected STDIN open: 'False'
[2025-11-22 21:46:57Z INFO ProcessInvokerWrapper]   High priority process: 'False'
[2025-11-22 21:46:57Z INFO ProcessInvokerWrapper] Process started with process id 21912, waiting for process exit.
[2025-11-22 21:46:57Z INFO JobServerQueue] Try to append 1 batches web console lines for record '9719e88a-ec2d-4f57-a6c3-e8ad4b731b47', success rate: 1/1.
[2025-11-22 21:46:57Z INFO JobServerQueue] Try to append 1 batches web console lines for record '5014c8ad-f123-4b60-8e5a-38a1a173c165', success rate: 1/1.
[2025-11-22 21:46:57Z INFO JobServerQueue] Tried to upload 1 file(s) to results, success rate: 1/1.
[2025-11-22 21:46:57Z INFO JobServerQueue] Try to upload 1 log files or attachments, success rate: 1/1.
[2025-11-22 21:46:58Z INFO ProcessInvokerWrapper] STDOUT/STDERR stream read finished.
[2025-11-22 21:46:58Z INFO ProcessInvokerWrapper] STDOUT/STDERR stream read finished.
[2025-11-22 21:46:58Z INFO ProcessInvokerWrapper] Finished process 21912 with exit code 0, and elapsed time 00:00:01.1255627.
[2025-11-22 21:46:58Z INFO CreateStepSummaryCommand] Step Summary file (C:\Users\matte\Repo\risk_analysis_app\actions-runner\_work\_temp\_runner_file_commands\step_summary_8b956c17-841b-4533-99bb-e033f7fbad65) is empty; skipping attachment upload
[2025-11-22 21:46:58Z INFO StepsRunner] Step result: 
[2025-11-22 21:46:58Z INFO ExecutionContext] Publish step telemetry for current step {
  "action": "powershell",
  "type": "run",
  "stage": "Main",
  "stepId": "5014c8ad-f123-4b60-8e5a-38a1a173c165",
  "stepContextName": "__run_4",
  "result": "succeeded",
  "errorMessages": [],
  "executionTimeInSeconds": 2,
  "startTime": "2025-11-22T21:46:56.9881004Z",
  "finishTime": "2025-11-22T21:46:58.141448Z"
}.
[2025-11-22 21:46:58Z INFO StepsRunner] No need for updating job result with current step result 'Succeeded'.
[2025-11-22 21:46:58Z INFO StepsRunner] Current state: job state = ''
[2025-11-22 21:46:58Z INFO StepsRunner] Processing step: DisplayName='Restart ResearchSpace service'
[2025-11-22 21:46:58Z INFO StepsRunner] Evaluating: success()
[2025-11-22 21:46:58Z INFO StepsRunner] Result: true
[2025-11-22 21:46:58Z INFO StepsRunner] Starting the step.
[2025-11-22 21:46:58Z INFO HostContext] Well known directory 'Bin': 'C:\Users\matte\Repo\risk_analysis_app\actions-runner\bin'
[2025-11-22 21:46:58Z INFO HostContext] Well known directory 'Root': 'C:\Users\matte\Repo\risk_analysis_app\actions-runner'
[2025-11-22 21:46:58Z INFO HostContext] Well known directory 'Work': 'C:\Users\matte\Repo\risk_analysis_app\actions-runner\_work'
[2025-11-22 21:46:58Z INFO StepsRunner] Which2: 'chcp'
[2025-11-22 21:46:58Z INFO StepsRunner] Location: 'C:\WINDOWS\system32\chcp.COM'
[2025-11-22 21:46:58Z INFO ProcessInvokerWrapper] Starting process:
[2025-11-22 21:46:58Z INFO ProcessInvokerWrapper]   File name: 'C:\WINDOWS\system32\chcp.COM'
[2025-11-22 21:46:58Z INFO ProcessInvokerWrapper]   Arguments: '65001'
[2025-11-22 21:46:58Z INFO ProcessInvokerWrapper]   Working directory: 'C:\Users\matte\Repo\risk_analysis_app\actions-runner\_work'
[2025-11-22 21:46:58Z INFO ProcessInvokerWrapper]   Require exit code zero: 'False'
[2025-11-22 21:46:58Z INFO ProcessInvokerWrapper]   Encoding web name:  ; code page: ''
[2025-11-22 21:46:58Z INFO ProcessInvokerWrapper]   Force kill process on cancellation: 'False'
[2025-11-22 21:46:58Z INFO ProcessInvokerWrapper]   Redirected STDIN: 'False'
[2025-11-22 21:46:58Z INFO ProcessInvokerWrapper]   Persist current code page: 'True'
[2025-11-22 21:46:58Z INFO ProcessInvokerWrapper]   Keep redirected STDIN open: 'False'
[2025-11-22 21:46:58Z INFO ProcessInvokerWrapper]   High priority process: 'False'
[2025-11-22 21:46:58Z INFO ProcessInvokerWrapper] Process started with process id 20448, waiting for process exit.
[2025-11-22 21:46:58Z INFO ProcessInvokerWrapper] STDOUT/STDERR stream read finished.
[2025-11-22 21:46:58Z INFO ProcessInvokerWrapper] STDOUT/STDERR stream read finished.
[2025-11-22 21:46:58Z INFO ProcessInvokerWrapper] Finished process 20448 with exit code 0, and elapsed time 00:00:00.0145088.
[2025-11-22 21:46:58Z INFO StepsRunner] Successfully returned to code page 65001 (UTF8)
[2025-11-22 21:46:58Z INFO HostContext] Well known directory 'Bin': 'C:\Users\matte\Repo\risk_analysis_app\actions-runner\bin'
[2025-11-22 21:46:58Z INFO HostContext] Well known directory 'Root': 'C:\Users\matte\Repo\risk_analysis_app\actions-runner'
[2025-11-22 21:46:58Z INFO HostContext] Well known directory 'Work': 'C:\Users\matte\Repo\risk_analysis_app\actions-runner\_work'
[2025-11-22 21:46:58Z INFO HostContext] Well known directory 'Temp': 'C:\Users\matte\Repo\risk_analysis_app\actions-runner\_work\_temp'
[2025-11-22 21:46:58Z INFO ExecutionContext] Write event payload to C:\Users\matte\Repo\risk_analysis_app\actions-runner\_work\_temp\_github_workflow\event.json
[2025-11-22 21:46:58Z INFO HostContext] Well known directory 'Bin': 'C:\Users\matte\Repo\risk_analysis_app\actions-runner\bin'
[2025-11-22 21:46:58Z INFO HostContext] Well known directory 'Root': 'C:\Users\matte\Repo\risk_analysis_app\actions-runner'
[2025-11-22 21:46:58Z INFO HostContext] Well known directory 'Work': 'C:\Users\matte\Repo\risk_analysis_app\actions-runner\_work'
[2025-11-22 21:46:58Z INFO HostContext] Well known directory 'Temp': 'C:\Users\matte\Repo\risk_analysis_app\actions-runner\_work\_temp'
[2025-11-22 21:46:58Z INFO ExtensionManager] Getting extensions for interface: 'GitHub.Runner.Worker.IFileCommandExtension'
[2025-11-22 21:46:58Z INFO ExtensionManager] Getting extensions for interface: 'GitHub.Runner.Worker.IActionCommandExtension'
[2025-11-22 21:46:58Z INFO ActionCommandManager] Register action command extension for command internal-set-repo-path
[2025-11-22 21:46:58Z INFO ActionCommandManager] Register action command extension for command set-env
[2025-11-22 21:46:58Z INFO ActionCommandManager] Register action command extension for command set-output
[2025-11-22 21:46:58Z INFO ActionCommandManager] Register action command extension for command save-state
[2025-11-22 21:46:58Z INFO ActionCommandManager] Register action command extension for command add-path
[2025-11-22 21:46:58Z INFO ActionCommandManager] Register action command extension for command add-mask
[2025-11-22 21:46:58Z INFO ActionCommandManager] Register action command extension for command add-matcher
[2025-11-22 21:46:58Z INFO ActionCommandManager] Register action command extension for command remove-matcher
[2025-11-22 21:46:58Z INFO ActionCommandManager] Register action command extension for command warning
[2025-11-22 21:46:58Z INFO ActionCommandManager] Register action command extension for command error
[2025-11-22 21:46:58Z INFO ActionCommandManager] Register action command extension for command notice
[2025-11-22 21:46:58Z INFO ActionCommandManager] Register action command extension for command debug
[2025-11-22 21:46:58Z INFO ActionCommandManager] Register action command extension for command group
[2025-11-22 21:46:58Z INFO ActionCommandManager] Register action command extension for command endgroup
[2025-11-22 21:46:58Z INFO ActionCommandManager] Register action command extension for command echo
[2025-11-22 21:46:58Z INFO ScriptHandler] Which2: 'powershell'
[2025-11-22 21:46:58Z INFO ScriptHandler] Location: 'C:\WINDOWS\System32\WindowsPowerShell\v1.0\powershell.EXE'
[2025-11-22 21:46:58Z INFO HostContext] Well known directory 'Bin': 'C:\Users\matte\Repo\risk_analysis_app\actions-runner\bin'
[2025-11-22 21:46:58Z INFO HostContext] Well known directory 'Root': 'C:\Users\matte\Repo\risk_analysis_app\actions-runner'
[2025-11-22 21:46:58Z INFO HostContext] Well known directory 'Work': 'C:\Users\matte\Repo\risk_analysis_app\actions-runner\_work'
[2025-11-22 21:46:58Z INFO HostContext] Well known directory 'Temp': 'C:\Users\matte\Repo\risk_analysis_app\actions-runner\_work\_temp'
[2025-11-22 21:46:58Z INFO ScriptHandler] Which2: 'powershell'
[2025-11-22 21:46:58Z INFO ScriptHandler] Location: 'C:\WINDOWS\System32\WindowsPowerShell\v1.0\powershell.EXE'
[2025-11-22 21:46:58Z INFO ProcessInvokerWrapper] Starting process:
[2025-11-22 21:46:58Z INFO ProcessInvokerWrapper]   File name: 'C:\WINDOWS\System32\WindowsPowerShell\v1.0\powershell.EXE'
[2025-11-22 21:46:58Z INFO ProcessInvokerWrapper]   Arguments: '-command ". 'C:\Users\matte\Repo\risk_analysis_app\actions-runner\_work\_temp\676d9c7d-52df-4dbb-865e-2efcc58dd337.ps1'"'
[2025-11-22 21:46:58Z INFO ProcessInvokerWrapper]   Working directory: 'C:\Users\matte\Repo\risk_analysis_app\actions-runner\_work\risk_analysis_app\risk_analysis_app'
[2025-11-22 21:46:58Z INFO ProcessInvokerWrapper]   Require exit code zero: 'False'
[2025-11-22 21:46:58Z INFO ProcessInvokerWrapper]   Encoding web name:  ; code page: ''
[2025-11-22 21:46:58Z INFO ProcessInvokerWrapper]   Force kill process on cancellation: 'False'
[2025-11-22 21:46:58Z INFO ProcessInvokerWrapper]   Redirected STDIN: 'False'
[2025-11-22 21:46:58Z INFO ProcessInvokerWrapper]   Persist current code page: 'True'
[2025-11-22 21:46:58Z INFO ProcessInvokerWrapper]   Keep redirected STDIN open: 'False'
[2025-11-22 21:46:58Z INFO ProcessInvokerWrapper]   High priority process: 'False'
[2025-11-22 21:46:58Z INFO JobServerQueue] Try to append 1 batches web console lines for record '5014c8ad-f123-4b60-8e5a-38a1a173c165', success rate: 1/1.
[2025-11-22 21:46:58Z INFO JobServerQueue] Try to append 1 batches web console lines for record 'd9785fa0-da78-47d0-98bf-3da094550ae2', success rate: 1/1.
[2025-11-22 21:46:58Z INFO ProcessInvokerWrapper] Process started with process id 2660, waiting for process exit.
[2025-11-22 21:46:58Z INFO JobServerQueue] Got a step log file to send to results service.
[2025-11-22 21:46:58Z INFO JobServerQueue] Starting upload of step log file to results service ResultsLog, C:\Users\matte\Repo\risk_analysis_app\actions-runner\_diag\blocks\d041d6ab-482f-44e0-98c5-5e32071cddc9_5014c8ad-f123-4b60-8e5a-38a1a173c165.1
[2025-11-22 21:46:58Z INFO JobServerQueue] Try to upload 1 log files or attachments, success rate: 1/1.
[2025-11-22 21:46:58Z INFO JobServerQueue] Tried to upload 1 file(s) to results, success rate: 1/1.
[2025-11-22 21:46:59Z INFO JobServerQueue] Try to append 1 batches web console lines for record 'd9785fa0-da78-47d0-98bf-3da094550ae2', success rate: 1/1.
[2025-11-22 21:47:01Z INFO JobServerQueue] Try to append 1 batches web console lines for record 'd9785fa0-da78-47d0-98bf-3da094550ae2', success rate: 1/1.
[2025-11-22 21:47:01Z INFO JobServerQueue] Try to append 1 batches web console lines for record 'd9785fa0-da78-47d0-98bf-3da094550ae2', success rate: 1/1.
[2025-11-22 21:47:02Z INFO JobServerQueue] Try to append 1 batches web console lines for record 'd9785fa0-da78-47d0-98bf-3da094550ae2', success rate: 1/1.
[2025-11-22 21:47:03Z INFO JobServerQueue] Try to append 1 batches web console lines for record 'd9785fa0-da78-47d0-98bf-3da094550ae2', success rate: 1/1.
[2025-11-22 21:47:04Z INFO JobServerQueue] Try to append 1 batches web console lines for record 'd9785fa0-da78-47d0-98bf-3da094550ae2', success rate: 1/1.
[2025-11-22 21:47:04Z INFO JobServerQueue] Try to append 1 batches web console lines for record 'd9785fa0-da78-47d0-98bf-3da094550ae2', success rate: 1/1.
[2025-11-22 21:47:04Z INFO ProcessInvokerWrapper] STDOUT/STDERR stream read finished.
[2025-11-22 21:47:04Z INFO ProcessInvokerWrapper] STDOUT/STDERR stream read finished.
[2025-11-22 21:47:04Z INFO ProcessInvokerWrapper] Finished process 2660 with exit code 0, and elapsed time 00:00:06.3139111.
[2025-11-22 21:47:04Z INFO CreateStepSummaryCommand] Step Summary file (C:\Users\matte\Repo\risk_analysis_app\actions-runner\_work\_temp\_runner_file_commands\step_summary_cae959e2-9e32-4dc4-b724-999a6345fad0) is empty; skipping attachment upload
[2025-11-22 21:47:04Z INFO StepsRunner] Step result: 
[2025-11-22 21:47:04Z INFO ExecutionContext] Publish step telemetry for current step {
  "action": "powershell",
  "type": "run",
  "stage": "Main",
  "stepId": "d9785fa0-da78-47d0-98bf-3da094550ae2",
  "stepContextName": "__run_5",
  "result": "succeeded",
  "errorMessages": [],
  "executionTimeInSeconds": 7,
  "startTime": "2025-11-22T21:46:58.1430138Z",
  "finishTime": "2025-11-22T21:47:04.4928777Z"
}.
[2025-11-22 21:47:04Z INFO StepsRunner] No need for updating job result with current step result 'Succeeded'.
[2025-11-22 21:47:04Z INFO StepsRunner] Current state: job state = ''
[2025-11-22 21:47:04Z INFO StepsRunner] Processing step: DisplayName='Show service status'
[2025-11-22 21:47:04Z INFO StepsRunner] Evaluating: success()
[2025-11-22 21:47:04Z INFO StepsRunner] Result: true
[2025-11-22 21:47:04Z INFO StepsRunner] Starting the step.
[2025-11-22 21:47:04Z INFO HostContext] Well known directory 'Bin': 'C:\Users\matte\Repo\risk_analysis_app\actions-runner\bin'
[2025-11-22 21:47:04Z INFO HostContext] Well known directory 'Root': 'C:\Users\matte\Repo\risk_analysis_app\actions-runner'
[2025-11-22 21:47:04Z INFO HostContext] Well known directory 'Work': 'C:\Users\matte\Repo\risk_analysis_app\actions-runner\_work'
[2025-11-22 21:47:04Z INFO StepsRunner] Which2: 'chcp'
[2025-11-22 21:47:04Z INFO StepsRunner] Location: 'C:\WINDOWS\system32\chcp.COM'
[2025-11-22 21:47:04Z INFO ProcessInvokerWrapper] Starting process:
[2025-11-22 21:47:04Z INFO ProcessInvokerWrapper]   File name: 'C:\WINDOWS\system32\chcp.COM'
[2025-11-22 21:47:04Z INFO ProcessInvokerWrapper]   Arguments: '65001'
[2025-11-22 21:47:04Z INFO ProcessInvokerWrapper]   Working directory: 'C:\Users\matte\Repo\risk_analysis_app\actions-runner\_work'
[2025-11-22 21:47:04Z INFO ProcessInvokerWrapper]   Require exit code zero: 'False'
[2025-11-22 21:47:04Z INFO ProcessInvokerWrapper]   Encoding web name:  ; code page: ''
[2025-11-22 21:47:04Z INFO ProcessInvokerWrapper]   Force kill process on cancellation: 'False'
[2025-11-22 21:47:04Z INFO ProcessInvokerWrapper]   Redirected STDIN: 'False'
[2025-11-22 21:47:04Z INFO ProcessInvokerWrapper]   Persist current code page: 'True'
[2025-11-22 21:47:04Z INFO ProcessInvokerWrapper]   Keep redirected STDIN open: 'False'
[2025-11-22 21:47:04Z INFO ProcessInvokerWrapper]   High priority process: 'False'
[2025-11-22 21:47:04Z INFO ProcessInvokerWrapper] Process started with process id 20064, waiting for process exit.
[2025-11-22 21:47:04Z INFO ProcessInvokerWrapper] STDOUT/STDERR stream read finished.
[2025-11-22 21:47:04Z INFO ProcessInvokerWrapper] STDOUT/STDERR stream read finished.
[2025-11-22 21:47:04Z INFO ProcessInvokerWrapper] Finished process 20064 with exit code 0, and elapsed time 00:00:00.0245920.
[2025-11-22 21:47:04Z INFO StepsRunner] Successfully returned to code page 65001 (UTF8)
[2025-11-22 21:47:04Z INFO HostContext] Well known directory 'Bin': 'C:\Users\matte\Repo\risk_analysis_app\actions-runner\bin'
[2025-11-22 21:47:04Z INFO HostContext] Well known directory 'Root': 'C:\Users\matte\Repo\risk_analysis_app\actions-runner'
[2025-11-22 21:47:04Z INFO HostContext] Well known directory 'Work': 'C:\Users\matte\Repo\risk_analysis_app\actions-runner\_work'
[2025-11-22 21:47:04Z INFO HostContext] Well known directory 'Temp': 'C:\Users\matte\Repo\risk_analysis_app\actions-runner\_work\_temp'
[2025-11-22 21:47:04Z INFO ExecutionContext] Write event payload to C:\Users\matte\Repo\risk_analysis_app\actions-runner\_work\_temp\_github_workflow\event.json
[2025-11-22 21:47:04Z INFO HostContext] Well known directory 'Bin': 'C:\Users\matte\Repo\risk_analysis_app\actions-runner\bin'
[2025-11-22 21:47:04Z INFO HostContext] Well known directory 'Root': 'C:\Users\matte\Repo\risk_analysis_app\actions-runner'
[2025-11-22 21:47:04Z INFO HostContext] Well known directory 'Work': 'C:\Users\matte\Repo\risk_analysis_app\actions-runner\_work'
[2025-11-22 21:47:04Z INFO HostContext] Well known directory 'Temp': 'C:\Users\matte\Repo\risk_analysis_app\actions-runner\_work\_temp'
[2025-11-22 21:47:04Z INFO ExtensionManager] Getting extensions for interface: 'GitHub.Runner.Worker.IFileCommandExtension'
[2025-11-22 21:47:04Z INFO ExtensionManager] Getting extensions for interface: 'GitHub.Runner.Worker.IActionCommandExtension'
[2025-11-22 21:47:04Z INFO ActionCommandManager] Register action command extension for command internal-set-repo-path
[2025-11-22 21:47:04Z INFO ActionCommandManager] Register action command extension for command set-env
[2025-11-22 21:47:04Z INFO ActionCommandManager] Register action command extension for command set-output
[2025-11-22 21:47:04Z INFO ActionCommandManager] Register action command extension for command save-state
[2025-11-22 21:47:04Z INFO ActionCommandManager] Register action command extension for command add-path
[2025-11-22 21:47:04Z INFO ActionCommandManager] Register action command extension for command add-mask
[2025-11-22 21:47:04Z INFO ActionCommandManager] Register action command extension for command add-matcher
[2025-11-22 21:47:04Z INFO ActionCommandManager] Register action command extension for command remove-matcher
[2025-11-22 21:47:04Z INFO ActionCommandManager] Register action command extension for command warning
[2025-11-22 21:47:04Z INFO ActionCommandManager] Register action command extension for command error
[2025-11-22 21:47:04Z INFO ActionCommandManager] Register action command extension for command notice
[2025-11-22 21:47:04Z INFO ActionCommandManager] Register action command extension for command debug
[2025-11-22 21:47:04Z INFO ActionCommandManager] Register action command extension for command group
[2025-11-22 21:47:04Z INFO ActionCommandManager] Register action command extension for command endgroup
[2025-11-22 21:47:04Z INFO ActionCommandManager] Register action command extension for command echo
[2025-11-22 21:47:04Z INFO ScriptHandler] Which2: 'powershell'
[2025-11-22 21:47:04Z INFO ScriptHandler] Location: 'C:\WINDOWS\System32\WindowsPowerShell\v1.0\powershell.EXE'
[2025-11-22 21:47:04Z INFO HostContext] Well known directory 'Bin': 'C:\Users\matte\Repo\risk_analysis_app\actions-runner\bin'
[2025-11-22 21:47:04Z INFO HostContext] Well known directory 'Root': 'C:\Users\matte\Repo\risk_analysis_app\actions-runner'
[2025-11-22 21:47:04Z INFO HostContext] Well known directory 'Work': 'C:\Users\matte\Repo\risk_analysis_app\actions-runner\_work'
[2025-11-22 21:47:04Z INFO HostContext] Well known directory 'Temp': 'C:\Users\matte\Repo\risk_analysis_app\actions-runner\_work\_temp'
[2025-11-22 21:47:04Z INFO ScriptHandler] Which2: 'powershell'
[2025-11-22 21:47:04Z INFO ScriptHandler] Location: 'C:\WINDOWS\System32\WindowsPowerShell\v1.0\powershell.EXE'
[2025-11-22 21:47:04Z INFO ProcessInvokerWrapper] Starting process:
[2025-11-22 21:47:04Z INFO ProcessInvokerWrapper]   File name: 'C:\WINDOWS\System32\WindowsPowerShell\v1.0\powershell.EXE'
[2025-11-22 21:47:04Z INFO ProcessInvokerWrapper]   Arguments: '-command ". 'C:\Users\matte\Repo\risk_analysis_app\actions-runner\_work\_temp\d90a42a3-99ba-4965-8b7f-c4cf8169639f.ps1'"'
[2025-11-22 21:47:04Z INFO ProcessInvokerWrapper]   Working directory: 'C:\Users\matte\Repo\risk_analysis_app\actions-runner\_work\risk_analysis_app\risk_analysis_app'
[2025-11-22 21:47:04Z INFO ProcessInvokerWrapper]   Require exit code zero: 'False'
[2025-11-22 21:47:04Z INFO ProcessInvokerWrapper]   Encoding web name:  ; code page: ''
[2025-11-22 21:47:04Z INFO ProcessInvokerWrapper]   Force kill process on cancellation: 'False'
[2025-11-22 21:47:04Z INFO ProcessInvokerWrapper]   Redirected STDIN: 'False'
[2025-11-22 21:47:04Z INFO ProcessInvokerWrapper]   Persist current code page: 'True'
[2025-11-22 21:47:04Z INFO ProcessInvokerWrapper]   Keep redirected STDIN open: 'False'
[2025-11-22 21:47:04Z INFO ProcessInvokerWrapper]   High priority process: 'False'
[2025-11-22 21:47:04Z INFO ProcessInvokerWrapper] Process started with process id 22008, waiting for process exit.
[2025-11-22 21:47:04Z INFO JobServerQueue] Try to append 1 batches web console lines for record '11fcfb19-1b12-4892-930b-a5a64437856d', success rate: 1/1.
[2025-11-22 21:47:04Z INFO JobServerQueue] Try to upload 1 log files or attachments, success rate: 1/1.
[2025-11-22 21:47:04Z INFO JobServerQueue] Got a step log file to send to results service.
[2025-11-22 21:47:04Z INFO JobServerQueue] Starting upload of step log file to results service ResultsLog, C:\Users\matte\Repo\risk_analysis_app\actions-runner\_diag\blocks\d041d6ab-482f-44e0-98c5-5e32071cddc9_d9785fa0-da78-47d0-98bf-3da094550ae2.1
[2025-11-22 21:47:05Z INFO HostContext] Well known directory 'Bin': 'C:\Users\matte\Repo\risk_analysis_app\actions-runner\bin'
[2025-11-22 21:47:05Z INFO HostContext] Well known directory 'Root': 'C:\Users\matte\Repo\risk_analysis_app\actions-runner'
[2025-11-22 21:47:05Z INFO HostContext] Well known directory 'Work': 'C:\Users\matte\Repo\risk_analysis_app\actions-runner\_work'
[2025-11-22 21:47:05Z INFO JobServerQueue] Tried to upload 1 file(s) to results, success rate: 1/1.
[2025-11-22 21:47:07Z INFO JobServerQueue] Try to append 1 batches web console lines for record '11fcfb19-1b12-4892-930b-a5a64437856d', success rate: 1/1.
[2025-11-22 21:47:08Z INFO JobServerQueue] Try to append 1 batches web console lines for record '11fcfb19-1b12-4892-930b-a5a64437856d', success rate: 1/1.
[2025-11-22 21:47:09Z INFO ProcessInvokerWrapper] STDOUT/STDERR stream read finished.
[2025-11-22 21:47:09Z INFO ProcessInvokerWrapper] STDOUT/STDERR stream read finished.
[2025-11-22 21:47:09Z INFO ProcessInvokerWrapper] Finished process 22008 with exit code 0, and elapsed time 00:00:04.6763569.
[2025-11-22 21:47:09Z INFO CreateStepSummaryCommand] Step Summary file (C:\Users\matte\Repo\risk_analysis_app\actions-runner\_work\_temp\_runner_file_commands\step_summary_dbe35245-20b5-44a5-bed5-c27a850abe43) is empty; skipping attachment upload
[2025-11-22 21:47:09Z INFO StepsRunner] Step result: 
[2025-11-22 21:47:09Z INFO ExecutionContext] Publish step telemetry for current step {
  "action": "powershell",
  "type": "run",
  "stage": "Main",
  "stepId": "11fcfb19-1b12-4892-930b-a5a64437856d",
  "stepContextName": "__run_6",
  "result": "succeeded",
  "errorMessages": [],
  "executionTimeInSeconds": 5,
  "startTime": "2025-11-22T21:47:04.4952437Z",
  "finishTime": "2025-11-22T21:47:09.2374234Z"
}.
[2025-11-22 21:47:09Z INFO StepsRunner] No need for updating job result with current step result 'Succeeded'.
[2025-11-22 21:47:09Z INFO StepsRunner] Current state: job state = ''
[2025-11-22 21:47:09Z INFO StepsRunner] Processing step: DisplayName='Post Checkout repository'
[2025-11-22 21:47:09Z INFO StepsRunner] Evaluating: always()
[2025-11-22 21:47:09Z INFO StepsRunner] Result: true
[2025-11-22 21:47:09Z INFO StepsRunner] Starting the step.
[2025-11-22 21:47:09Z INFO HostContext] Well known directory 'Bin': 'C:\Users\matte\Repo\risk_analysis_app\actions-runner\bin'
[2025-11-22 21:47:09Z INFO HostContext] Well known directory 'Root': 'C:\Users\matte\Repo\risk_analysis_app\actions-runner'
[2025-11-22 21:47:09Z INFO HostContext] Well known directory 'Work': 'C:\Users\matte\Repo\risk_analysis_app\actions-runner\_work'
[2025-11-22 21:47:09Z INFO StepsRunner] Which2: 'chcp'
[2025-11-22 21:47:09Z INFO StepsRunner] Location: 'C:\WINDOWS\system32\chcp.COM'
[2025-11-22 21:47:09Z INFO ProcessInvokerWrapper] Starting process:
[2025-11-22 21:47:09Z INFO ProcessInvokerWrapper]   File name: 'C:\WINDOWS\system32\chcp.COM'
[2025-11-22 21:47:09Z INFO ProcessInvokerWrapper]   Arguments: '65001'
[2025-11-22 21:47:09Z INFO ProcessInvokerWrapper]   Working directory: 'C:\Users\matte\Repo\risk_analysis_app\actions-runner\_work'
[2025-11-22 21:47:09Z INFO ProcessInvokerWrapper]   Require exit code zero: 'False'
[2025-11-22 21:47:09Z INFO ProcessInvokerWrapper]   Encoding web name:  ; code page: ''
[2025-11-22 21:47:09Z INFO ProcessInvokerWrapper]   Force kill process on cancellation: 'False'
[2025-11-22 21:47:09Z INFO ProcessInvokerWrapper]   Redirected STDIN: 'False'
[2025-11-22 21:47:09Z INFO ProcessInvokerWrapper]   Persist current code page: 'True'
[2025-11-22 21:47:09Z INFO ProcessInvokerWrapper]   Keep redirected STDIN open: 'False'
[2025-11-22 21:47:09Z INFO ProcessInvokerWrapper]   High priority process: 'False'
[2025-11-22 21:47:09Z INFO ProcessInvokerWrapper] Process started with process id 18772, waiting for process exit.
[2025-11-22 21:47:09Z INFO ProcessInvokerWrapper] STDOUT/STDERR stream read finished.
[2025-11-22 21:47:09Z INFO ProcessInvokerWrapper] STDOUT/STDERR stream read finished.
[2025-11-22 21:47:09Z INFO ProcessInvokerWrapper] Finished process 18772 with exit code 0, and elapsed time 00:00:00.0189604.
[2025-11-22 21:47:09Z INFO StepsRunner] Successfully returned to code page 65001 (UTF8)
[2025-11-22 21:47:09Z INFO HostContext] Well known directory 'Bin': 'C:\Users\matte\Repo\risk_analysis_app\actions-runner\bin'
[2025-11-22 21:47:09Z INFO HostContext] Well known directory 'Root': 'C:\Users\matte\Repo\risk_analysis_app\actions-runner'
[2025-11-22 21:47:09Z INFO HostContext] Well known directory 'Work': 'C:\Users\matte\Repo\risk_analysis_app\actions-runner\_work'
[2025-11-22 21:47:09Z INFO HostContext] Well known directory 'Actions': 'C:\Users\matte\Repo\risk_analysis_app\actions-runner\_work\_actions'
[2025-11-22 21:47:09Z INFO ActionManager] Load action that reference repository from 'C:\Users\matte\Repo\risk_analysis_app\actions-runner\_work\_actions\actions\checkout\v4'
[2025-11-22 21:47:09Z INFO HostContext] Well known directory 'Bin': 'C:\Users\matte\Repo\risk_analysis_app\actions-runner\bin'
[2025-11-22 21:47:09Z INFO HostContext] Well known directory 'Root': 'C:\Users\matte\Repo\risk_analysis_app\actions-runner'
[2025-11-22 21:47:09Z INFO HostContext] Well known directory 'Work': 'C:\Users\matte\Repo\risk_analysis_app\actions-runner\_work'
[2025-11-22 21:47:09Z INFO HostContext] Well known directory 'Actions': 'C:\Users\matte\Repo\risk_analysis_app\actions-runner\_work\_actions'
[2025-11-22 21:47:09Z INFO ActionManifestManager] Loaded action.yml file: {
  "name": "Checkout",
  "description": "Checkout a Git repository at a particular version",
  "inputs": {
    "type": 2,
    "map": [
      {
        "key": {
          "type": 0,
          "file": 2,
          "line": 4,
          "col": 3,
          "lit": "repository"
        },
        "value": {
          "type": 3,
          "file": 2,
          "line": 6,
          "col": 14,
          "expr": "github.repository"
        }
      },
      {
        "key": {
          "type": 0,
          "file": 2,
          "line": 7,
          "col": 3,
          "lit": "ref"
        },
        "value": ""
      },
      {
        "key": {
          "type": 0,
          "file": 2,
          "line": 12,
          "col": 3,
          "lit": "token"
        },
        "value": {
          "type": 3,
          "file": 2,
          "line": 24,
          "col": 14,
          "expr": "github.token"
        }
      },
      {
        "key": {
          "type": 0,
          "file": 2,
          "line": 25,
          "col": 3,
          "lit": "ssh-key"
        },
        "value": ""
      },
      {
        "key": {
          "type": 0,
          "file": 2,
          "line": 37,
          "col": 3,
          "lit": "ssh-known-hosts"
        },
        "value": ""
      },
      {
        "key": {
          "type": 0,
          "file": 2,
          "line": 42,
          "col": 3,
          "lit": "ssh-strict"
        },
        "value": {
          "type": 0,
          "file": 2,
          "line": 47,
          "col": 14,
          "lit": "true"
        }
      },
      {
        "key": {
          "type": 0,
          "file": 2,
          "line": 48,
          "col": 3,
          "lit": "ssh-user"
        },
        "value": {
          "type": 0,
          "file": 2,
          "line": 51,
          "col": 14,
          "lit": "git"
        }
      },
      {
        "key": {
          "type": 0,
          "file": 2,
          "line": 52,
          "col": 3,
          "lit": "persist-credentials"
        },
        "value": {
          "type": 0,
          "file": 2,
          "line": 54,
          "col": 14,
          "lit": "true"
        }
      },
      {
        "key": {
          "type": 0,
          "file": 2,
          "line": 55,
          "col": 3,
          "lit": "path"
        },
        "value": ""
      },
      {
        "key": {
          "type": 0,
          "file": 2,
          "line": 57,
          "col": 3,
          "lit": "clean"
        },
        "value": {
          "type": 0,
          "file": 2,
          "line": 59,
          "col": 14,
          "lit": "true"
        }
      },
      {
        "key": {
          "type": 0,
          "file": 2,
          "line": 60,
          "col": 3,
          "lit": "filter"
        },
        "value": {
          "type": 0,
          "file": 2,
          "line": 64,
          "col": 14,
          "lit": ""
        }
      },
      {
        "key": {
          "type": 0,
          "file": 2,
          "line": 65,
          "col": 3,
          "lit": "sparse-checkout"
        },
        "value": {
          "type": 0,
          "file": 2,
          "line": 69,
          "col": 14,
          "lit": ""
        }
      },
      {
        "key": {
          "type": 0,
          "file": 2,
          "line": 70,
          "col": 3,
          "lit": "sparse-checkout-cone-mode"
        },
        "value": {
          "type": 0,
          "file": 2,
          "line": 73,
          "col": 14,
          "lit": "true"
        }
      },
      {
        "key": {
          "type": 0,
          "file": 2,
          "line": 74,
          "col": 3,
          "lit": "fetch-depth"
        },
        "value": {
          "type": 0,
          "file": 2,
          "line": 76,
          "col": 14,
          "lit": "1"
        }
      },
      {
        "key": {
          "type": 0,
          "file": 2,
          "line": 77,
          "col": 3,
          "lit": "fetch-tags"
        },
        "value": {
          "type": 0,
          "file": 2,
          "line": 79,
          "col": 14,
          "lit": "false"
        }
      },
      {
        "key": {
          "type": 0,
          "file": 2,
          "line": 80,
          "col": 3,
          "lit": "show-progress"
        },
        "value": {
          "type": 0,
          "file": 2,
          "line": 82,
          "col": 14,
          "lit": "true"
        }
      },
      {
        "key": {
          "type": 0,
          "file": 2,
          "line": 83,
          "col": 3,
          "lit": "lfs"
        },
        "value": {
          "type": 0,
          "file": 2,
          "line": 85,
          "col": 14,
          "lit": "false"
        }
      },
      {
        "key": {
          "type": 0,
          "file": 2,
          "line": 86,
          "col": 3,
          "lit": "submodules"
        },
        "value": {
          "type": 0,
          "file": 2,
          "line": 94,
          "col": 14,
          "lit": "false"
        }
      },
      {
        "key": {
          "type": 0,
          "file": 2,
          "line": 95,
          "col": 3,
          "lit": "set-safe-directory"
        },
        "value": {
          "type": 0,
          "file": 2,
          "line": 97,
          "col": 14,
          "lit": "true"
        }
      },
      {
        "key": {
          "type": 0,
          "file": 2,
          "line": 98,
          "col": 3,
          "lit": "github-server-url"
        },
        "value": ""
      }
    ]
  },
  "execution": {
    "executionType": "nodeJS",
    "hasPre": false,
    "hasPost": true,
    "script": "dist/index.js",
    "pre": null,
    "post": "dist/index.js",
    "nodeVersion": "node20",
    "cleanupCondition": "always()",
    "initCondition": "always()"
  },
  "deprecated": null
}
[2025-11-22 21:47:09Z INFO ActionManager] Action pre node.js file: N/A.
[2025-11-22 21:47:09Z INFO ActionManager] Action node.js file: dist/index.js.
[2025-11-22 21:47:09Z INFO ActionManager] Action post node.js file: dist/index.js.
[2025-11-22 21:47:09Z INFO HostContext] Well known directory 'Bin': 'C:\Users\matte\Repo\risk_analysis_app\actions-runner\bin'
[2025-11-22 21:47:09Z INFO HostContext] Well known directory 'Root': 'C:\Users\matte\Repo\risk_analysis_app\actions-runner'
[2025-11-22 21:47:09Z INFO HostContext] Well known directory 'Work': 'C:\Users\matte\Repo\risk_analysis_app\actions-runner\_work'
[2025-11-22 21:47:09Z INFO HostContext] Well known directory 'Temp': 'C:\Users\matte\Repo\risk_analysis_app\actions-runner\_work\_temp'
[2025-11-22 21:47:09Z INFO ExecutionContext] Write event payload to C:\Users\matte\Repo\risk_analysis_app\actions-runner\_work\_temp\_github_workflow\event.json
[2025-11-22 21:47:09Z INFO HostContext] Well known directory 'Bin': 'C:\Users\matte\Repo\risk_analysis_app\actions-runner\bin'
[2025-11-22 21:47:09Z INFO HostContext] Well known directory 'Root': 'C:\Users\matte\Repo\risk_analysis_app\actions-runner'
[2025-11-22 21:47:09Z INFO HostContext] Well known directory 'Work': 'C:\Users\matte\Repo\risk_analysis_app\actions-runner\_work'
[2025-11-22 21:47:09Z INFO HostContext] Well known directory 'Temp': 'C:\Users\matte\Repo\risk_analysis_app\actions-runner\_work\_temp'
[2025-11-22 21:47:09Z INFO ExtensionManager] Getting extensions for interface: 'GitHub.Runner.Worker.IFileCommandExtension'
[2025-11-22 21:47:09Z INFO ActionManifestManager] Input 'repository': default value evaluate result: {
  "type": 0,
  "file": 2,
  "line": 6,
  "col": 14,
  "lit": "matteoLorenzini/risk_analysis_app"
}
[2025-11-22 21:47:09Z INFO ActionManifestManager] Input 'ref': default value evaluate result: ""
[2025-11-22 21:47:09Z INFO ActionManifestManager] Input 'token': default value evaluate result: {
  "type": 0,
  "file": 2,
  "line": 24,
  "col": 14,
  "lit": "***"
}
[2025-11-22 21:47:09Z INFO ActionManifestManager] Input 'ssh-key': default value evaluate result: ""
[2025-11-22 21:47:09Z INFO ActionManifestManager] Input 'ssh-known-hosts': default value evaluate result: ""
[2025-11-22 21:47:09Z INFO ActionManifestManager] Input 'ssh-strict': default value evaluate result: {
  "type": 0,
  "file": 2,
  "line": 47,
  "col": 14,
  "lit": "true"
}
[2025-11-22 21:47:09Z INFO ActionManifestManager] Input 'ssh-user': default value evaluate result: {
  "type": 0,
  "file": 2,
  "line": 51,
  "col": 14,
  "lit": "git"
}
[2025-11-22 21:47:09Z INFO ActionManifestManager] Input 'persist-credentials': default value evaluate result: {
  "type": 0,
  "file": 2,
  "line": 54,
  "col": 14,
  "lit": "true"
}
[2025-11-22 21:47:09Z INFO ActionManifestManager] Input 'path': default value evaluate result: ""
[2025-11-22 21:47:09Z INFO ActionManifestManager] Input 'clean': default value evaluate result: {
  "type": 0,
  "file": 2,
  "line": 59,
  "col": 14,
  "lit": "true"
}
[2025-11-22 21:47:09Z INFO ActionManifestManager] Input 'filter': default value evaluate result: {
  "type": 0,
  "file": 2,
  "line": 64,
  "col": 14,
  "lit": ""
}
[2025-11-22 21:47:09Z INFO ActionManifestManager] Input 'sparse-checkout': default value evaluate result: {
  "type": 0,
  "file": 2,
  "line": 69,
  "col": 14,
  "lit": ""
}
[2025-11-22 21:47:09Z INFO ActionManifestManager] Input 'sparse-checkout-cone-mode': default value evaluate result: {
  "type": 0,
  "file": 2,
  "line": 73,
  "col": 14,
  "lit": "true"
}
[2025-11-22 21:47:09Z INFO ActionManifestManager] Input 'fetch-depth': default value evaluate result: {
  "type": 0,
  "file": 2,
  "line": 76,
  "col": 14,
  "lit": "1"
}
[2025-11-22 21:47:09Z INFO ActionManifestManager] Input 'fetch-tags': default value evaluate result: {
  "type": 0,
  "file": 2,
  "line": 79,
  "col": 14,
  "lit": "false"
}
[2025-11-22 21:47:09Z INFO ActionManifestManager] Input 'show-progress': default value evaluate result: {
  "type": 0,
  "file": 2,
  "line": 82,
  "col": 14,
  "lit": "true"
}
[2025-11-22 21:47:09Z INFO ActionManifestManager] Input 'lfs': default value evaluate result: {
  "type": 0,
  "file": 2,
  "line": 85,
  "col": 14,
  "lit": "false"
}
[2025-11-22 21:47:09Z INFO ActionManifestManager] Input 'submodules': default value evaluate result: {
  "type": 0,
  "file": 2,
  "line": 94,
  "col": 14,
  "lit": "false"
}
[2025-11-22 21:47:09Z INFO ActionManifestManager] Input 'set-safe-directory': default value evaluate result: {
  "type": 0,
  "file": 2,
  "line": 97,
  "col": 14,
  "lit": "true"
}
[2025-11-22 21:47:09Z INFO ActionManifestManager] Input 'github-server-url': default value evaluate result: ""
[2025-11-22 21:47:09Z INFO ExtensionManager] Getting extensions for interface: 'GitHub.Runner.Worker.IActionCommandExtension'
[2025-11-22 21:47:09Z INFO ActionCommandManager] Register action command extension for command internal-set-repo-path
[2025-11-22 21:47:09Z INFO ActionCommandManager] Register action command extension for command set-env
[2025-11-22 21:47:09Z INFO ActionCommandManager] Register action command extension for command set-output
[2025-11-22 21:47:09Z INFO ActionCommandManager] Register action command extension for command save-state
[2025-11-22 21:47:09Z INFO ActionCommandManager] Register action command extension for command add-path
[2025-11-22 21:47:09Z INFO ActionCommandManager] Register action command extension for command add-mask
[2025-11-22 21:47:09Z INFO ActionCommandManager] Register action command extension for command add-matcher
[2025-11-22 21:47:09Z INFO ActionCommandManager] Register action command extension for command remove-matcher
[2025-11-22 21:47:09Z INFO ActionCommandManager] Register action command extension for command warning
[2025-11-22 21:47:09Z INFO ActionCommandManager] Register action command extension for command error
[2025-11-22 21:47:09Z INFO ActionCommandManager] Register action command extension for command notice
[2025-11-22 21:47:09Z INFO ActionCommandManager] Register action command extension for command debug
[2025-11-22 21:47:09Z INFO ActionCommandManager] Register action command extension for command group
[2025-11-22 21:47:09Z INFO ActionCommandManager] Register action command extension for command endgroup
[2025-11-22 21:47:09Z INFO ActionCommandManager] Register action command extension for command echo
[2025-11-22 21:47:09Z INFO HostContext] Well known directory 'Bin': 'C:\Users\matte\Repo\risk_analysis_app\actions-runner\bin'
[2025-11-22 21:47:09Z INFO HostContext] Well known directory 'Root': 'C:\Users\matte\Repo\risk_analysis_app\actions-runner'
[2025-11-22 21:47:09Z INFO HostContext] Well known directory 'Externals': 'C:\Users\matte\Repo\risk_analysis_app\actions-runner\externals'
[2025-11-22 21:47:09Z INFO ProcessInvokerWrapper] Starting process:
[2025-11-22 21:47:09Z INFO ProcessInvokerWrapper]   File name: 'C:\Users\matte\Repo\risk_analysis_app\actions-runner\externals\node20\bin\node.exe'
[2025-11-22 21:47:09Z INFO ProcessInvokerWrapper]   Arguments: '"C:\Users\matte\Repo\risk_analysis_app\actions-runner\_work\_actions\actions\checkout\v4\dist/index.js"'
[2025-11-22 21:47:09Z INFO ProcessInvokerWrapper]   Working directory: 'C:\Users\matte\Repo\risk_analysis_app\actions-runner\_work\risk_analysis_app\risk_analysis_app'
[2025-11-22 21:47:09Z INFO ProcessInvokerWrapper]   Require exit code zero: 'False'
[2025-11-22 21:47:09Z INFO ProcessInvokerWrapper]   Encoding web name: utf-8 ; code page: '65001'
[2025-11-22 21:47:09Z INFO ProcessInvokerWrapper]   Force kill process on cancellation: 'False'
[2025-11-22 21:47:09Z INFO ProcessInvokerWrapper]   Redirected STDIN: 'False'
[2025-11-22 21:47:09Z INFO ProcessInvokerWrapper]   Persist current code page: 'True'
[2025-11-22 21:47:09Z INFO ProcessInvokerWrapper]   Keep redirected STDIN open: 'False'
[2025-11-22 21:47:09Z INFO ProcessInvokerWrapper]   High priority process: 'False'
[2025-11-22 21:47:09Z INFO ProcessInvokerWrapper] Process started with process id 21672, waiting for process exit.
[2025-11-22 21:47:09Z INFO JobServerQueue] Try to append 1 batches web console lines for record '11fcfb19-1b12-4892-930b-a5a64437856d', success rate: 1/1.
[2025-11-22 21:47:09Z INFO JobServerQueue] Try to append 1 batches web console lines for record 'c133dc08-ec5e-48f9-92a8-8c3adbffee96', success rate: 1/1.
[2025-11-22 21:47:09Z INFO JobServerQueue] Got a step log file to send to results service.
[2025-11-22 21:47:09Z INFO JobServerQueue] Starting upload of step log file to results service ResultsLog, C:\Users\matte\Repo\risk_analysis_app\actions-runner\_diag\blocks\d041d6ab-482f-44e0-98c5-5e32071cddc9_11fcfb19-1b12-4892-930b-a5a64437856d.1
[2025-11-22 21:47:09Z INFO JobServerQueue] Try to append 1 batches web console lines for record 'c133dc08-ec5e-48f9-92a8-8c3adbffee96', success rate: 1/1.
[2025-11-22 21:47:09Z INFO AddMaskCommandExtension] Add new secret mask with length of 32
[2025-11-22 21:47:09Z INFO JobServerQueue] Try to upload 1 log files or attachments, success rate: 1/1.
[2025-11-22 21:47:09Z INFO JobServerQueue] Try to append 1 batches web console lines for record 'c133dc08-ec5e-48f9-92a8-8c3adbffee96', success rate: 1/1.
[2025-11-22 21:47:09Z INFO JobServerQueue] Tried to upload 1 file(s) to results, success rate: 1/1.
[2025-11-22 21:47:11Z INFO JobServerQueue] Try to append 1 batches web console lines for record 'c133dc08-ec5e-48f9-92a8-8c3adbffee96', success rate: 1/1.
[2025-11-22 21:47:11Z INFO ProcessInvokerWrapper] STDOUT/STDERR stream read finished.
[2025-11-22 21:47:11Z INFO ProcessInvokerWrapper] STDOUT/STDERR stream read finished.
[2025-11-22 21:47:11Z INFO ProcessInvokerWrapper] Finished process 21672 with exit code 0, and elapsed time 00:00:01.8893007.
[2025-11-22 21:47:11Z INFO CreateStepSummaryCommand] Step Summary file (C:\Users\matte\Repo\risk_analysis_app\actions-runner\_work\_temp\_runner_file_commands\step_summary_2c2bdc2f-faac-4a9a-a577-15e0acfe896c) is empty; skipping attachment upload
[2025-11-22 21:47:11Z INFO StepsRunner] Step result: 
[2025-11-22 21:47:11Z INFO ExecutionContext] Publish step telemetry for current step {
  "action": "actions/checkout",
  "ref": "v4",
  "type": "node20",
  "stage": "Post",
  "stepId": "c133dc08-ec5e-48f9-92a8-8c3adbffee96",
  "result": "succeeded",
  "errorMessages": [
    "The process 'C:\\Program Files\\Git\\cmd\\git.exe' failed with exit code 128"
  ],
  "executionTimeInSeconds": 2,
  "startTime": "2025-11-22T21:47:09.2397015Z",
  "finishTime": "2025-11-22T21:47:11.1695275Z"
}.
[2025-11-22 21:47:11Z INFO StepsRunner] No need for updating job result with current step result 'Succeeded'.
[2025-11-22 21:47:11Z INFO StepsRunner] Current state: job state = ''
[2025-11-22 21:47:11Z INFO JobRunner] Finalize job.
[2025-11-22 21:47:11Z INFO HostContext] Well known directory 'Bin': 'C:\Users\matte\Repo\risk_analysis_app\actions-runner\bin'
[2025-11-22 21:47:11Z INFO HostContext] Well known directory 'Root': 'C:\Users\matte\Repo\risk_analysis_app\actions-runner'
[2025-11-22 21:47:11Z INFO HostContext] Well known directory 'Diag': 'C:\Users\matte\Repo\risk_analysis_app\actions-runner\_diag'
[2025-11-22 21:47:11Z INFO HostContext] Well known directory 'Bin': 'C:\Users\matte\Repo\risk_analysis_app\actions-runner\bin'
[2025-11-22 21:47:11Z INFO HostContext] Well known directory 'Root': 'C:\Users\matte\Repo\risk_analysis_app\actions-runner'
[2025-11-22 21:47:11Z INFO HostContext] Well known directory 'Diag': 'C:\Users\matte\Repo\risk_analysis_app\actions-runner\_diag'
[2025-11-22 21:47:11Z INFO JobExtension] Initialize Env context
[2025-11-22 21:47:11Z INFO JobExtension] Initialize steps context
[2025-11-22 21:47:11Z INFO JobExtension] Total accessible running process: 337.
[2025-11-22 21:47:11Z INFO ExecutionContext] Publish step telemetry for current step {
  "action": "complete_job",
  "type": "runner",
  "stage": "Post",
  "stepId": "a7177fbf-66ac-4c84-a0d0-4c8ebbf369f2",
  "result": "succeeded",
  "errorMessages": [],
  "executionTimeInSeconds": 1,
  "startTime": "2025-11-22T21:47:11.1785Z",
  "finishTime": "2025-11-22T21:47:11.1942065Z"
}.
[2025-11-22 21:47:11Z INFO JobRunner] Job result after all job steps finish: Succeeded
[2025-11-22 21:47:11Z INFO JobRunner] Completing the job execution context.
[2025-11-22 21:47:11Z INFO JobRunner] Shutting down the job server queue.
[2025-11-22 21:47:11Z INFO JobServerQueue] Fire signal to shutdown all queues.
[2025-11-22 21:47:11Z INFO JobServerQueue] All queue process task stopped.
[2025-11-22 21:47:11Z INFO JobServerQueue] Try to append 1 batches web console lines for record 'c133dc08-ec5e-48f9-92a8-8c3adbffee96', success rate: 1/1.
[2025-11-22 21:47:11Z INFO JobServerQueue] Try to append 1 batches web console lines for record 'a7177fbf-66ac-4c84-a0d0-4c8ebbf369f2', success rate: 1/1.
[2025-11-22 21:47:11Z INFO JobServerQueue] Web console line queue drained.
[2025-11-22 21:47:11Z INFO JobServerQueue] Uploading 3 files in one shot.
[2025-11-22 21:47:11Z INFO JobServerQueue] Try to upload 3 log files or attachments, success rate: 3/3.
[2025-11-22 21:47:11Z INFO JobServerQueue] File upload queue drained.
[2025-11-22 21:47:11Z INFO JobServerQueue] Starting results-based upload queue...
[2025-11-22 21:47:11Z INFO JobServerQueue] Uploading 3 file(s) in one shot through results service.
[2025-11-22 21:47:11Z INFO JobServerQueue] Got a step log file to send to results service.
[2025-11-22 21:47:11Z INFO JobServerQueue] Starting upload of step log file to results service ResultsLog, C:\Users\matte\Repo\risk_analysis_app\actions-runner\_diag\blocks\d041d6ab-482f-44e0-98c5-5e32071cddc9_c133dc08-ec5e-48f9-92a8-8c3adbffee96.1
[2025-11-22 21:47:12Z INFO JobServerQueue] Got a step log file to send to results service.
[2025-11-22 21:47:12Z INFO JobServerQueue] Starting upload of step log file to results service ResultsLog, C:\Users\matte\Repo\risk_analysis_app\actions-runner\_diag\blocks\d041d6ab-482f-44e0-98c5-5e32071cddc9_a7177fbf-66ac-4c84-a0d0-4c8ebbf369f2.1
[2025-11-22 21:47:12Z INFO JobServerQueue] Got a job log file to send to results service.
[2025-11-22 21:47:12Z INFO JobServerQueue] Starting upload of job log file to results service ResultsLog, C:\Users\matte\Repo\risk_analysis_app\actions-runner\_diag\blocks\d041d6ab-482f-44e0-98c5-5e32071cddc9_9b681cb8-af63-596f-8fec-7a25ed429936.1
[2025-11-22 21:47:13Z INFO JobServerQueue] Tried to upload 3 file(s) to results, success rate: 3/3.
[2025-11-22 21:47:13Z INFO JobServerQueue] Results upload queue drained.
[2025-11-22 21:47:13Z INFO JobServerQueue] Timeline update queue drained.
[2025-11-22 21:47:13Z INFO JobServerQueue] Disposing job server ...
[2025-11-22 21:47:13Z INFO JobServerQueue] Disposing results server ...
[2025-11-22 21:47:13Z INFO JobServerQueue] All queue process tasks have been stopped, and all queues are drained.
[2025-11-22 21:47:13Z INFO TempDirectoryManager] Cleaning runner temp folder: C:\Users\matte\Repo\risk_analysis_app\actions-runner\_work\_temp
[2025-11-22 21:47:13Z INFO HostContext] Well known directory 'Bin': 'C:\Users\matte\Repo\risk_analysis_app\actions-runner\bin'
[2025-11-22 21:47:13Z INFO HostContext] Well known directory 'Root': 'C:\Users\matte\Repo\risk_analysis_app\actions-runner'
[2025-11-22 21:47:13Z INFO HostContext] Well known directory 'Diag': 'C:\Users\matte\Repo\risk_analysis_app\actions-runner\_diag'
[2025-11-22 21:47:13Z INFO HostContext] Well known config file 'Telemetry': 'C:\Users\matte\Repo\risk_analysis_app\actions-runner\_diag\.telemetry'
[2025-11-22 21:47:13Z INFO JobRunner] Raising job completed against run service
[2025-11-22 21:47:13Z INFO Worker] Job completed.
